municipio;codEstacao;uf;nomeEstacao;latitude;longitude;datahora;valorMedida
SÃO CARLOS;354890601A;SP;Jardim São Paulo;-47,87;-22,031;2019-07-01 00:10:00.0;0,00;
SÃO CARLOS;354890601A;SP;Jardim São Paulo;-47,87;-22,031;2019-07-01 00:20:00.0;0,00;
SÃO CARLOS;354890601A;SP;Jardim São Paulo;-47,87;-22,031;2019-07-01 01:10:00.0;0,00;
SÃO CARLOS;354890601A;SP;Jardim São Paulo;-47,87;-22,031;2019-07-01 02:10:00.0;0,00;
SÃO CARLOS;354890601A;SP;Jardim São Paulo;-47,87;-22,031;2019-07-01 03:10:00.0;0,00;
SÃO CARLOS;354890601A;SP;Jardim São Paulo;-47,87;-22,031;2019-07-01 04:10:00.0;0,00;
SÃO CARLOS;354890601A;SP;Jardim São Paulo;-47,87;-22,031;2019-07-01 05:10:00.0;0,00;
SÃO CARLOS;354890601A;SP;Jardim São Paulo;-47,87;-22,031;2019-07-01 06:10:00.0;0,00;
SÃO CARLOS;354890601A;SP;Jardim São Paulo;-47,87;-22,031;2019-07-01 07:10:00.0;0,00;
SÃO CARLOS;354890601A;SP;Jardim São Paulo;-47,87;-22,031;2019-07-01 08:10:00.0;0,00;
SÃO CARLOS;354890601A;SP;Jardim São Paulo;-47,87;-22,031;2019-07-01 09:10:00.0;0,00;
SÃO CARLOS;354890601A;SP;Jardim São Paulo;-47,87;-22,031;2019-07-01 10:10:00.0;0,00;
SÃO CARLOS;354890601A;SP;Jardim São Paulo;-47,87;-22,031;2019-07-01 11:10:00.0;0,00;
SÃO CARLOS;354890601A;SP;Jardim São Paulo;-47,87;-22,031;2019-07-01 12:10:00.0;0,00;
SÃO CARLOS;354890601A;SP;Jardim São Paulo;-47,87;-22,031;2019-07-01 13:10:00.0;0,00;
SÃO CARLOS;354890601A;SP;Jardim São Paulo;-47,87;-22,031;2019-07-01 14:10:00.0;0,00;
SÃO CARLOS;354890601A;SP;Jardim São Paulo;-47,87;-22,031;2019-07-01 15:10:00.0;0,00;
SÃO CARLOS;354890601A;SP;Jardim São Paulo;-47,87;-22,031;2019-07-01 16:10:00.0;0,00;
SÃO CARLOS;354890601A;SP;Jardim São Paulo;-47,87;-22,031;2019-07-01 17:10:00.0;0,00;
SÃO CARLOS;354890601A;SP;Jardim São Paulo;-47,87;-22,031;2019-07-01 18:10:00.0;0,00;
SÃO CARLOS;354890601A;SP;Jardim São Paulo;-47,87;-22,031;2019-07-01 19:10:00.0;0,00;
SÃO CARLOS;354890601A;SP;Jardim São Paulo;-47,87;-22,031;2019-07-01 20:10:00.0;0,00;
SÃO CARLOS;354890601A;SP;Jardim São Paulo;-47,87;-22,031;2019-07-01 21:10:00.0;0,00;
SÃO CARLOS;354890601A;SP;Jardim São Paulo;-47,87;-22,031;2019-07-01 22:10:00.0;0,00;
SÃO CARLOS;354890601A;SP;Jardim São Paulo;-47,87;-22,031;2019-07-01 23:10:00.0;0,00;
SÃO CARLOS;354890601A;SP;Jardim São Paulo;-47,87;-22,031;2019-07-02 00:10:00.0;0,00;
SÃO CARLOS;354890601A;SP;Jardim São Paulo;-47,87;-22,031;2019-07-02 01:10:00.0;0,00;
SÃO CARLOS;354890601A;SP;Jardim São Paulo;-47,87;-22,031;2019-07-02 02:10:00.0;0,00;
SÃO CARLOS;354890601A;SP;Jardim São Paulo;-47,87;-22,031;2019-07-02 03:10:00.0;0,00;
SÃO CARLOS;354890601A;SP;Jardim São Paulo;-47,87;-22,031;2019-07-02 04:10:00.0;0,00;
SÃO CARLOS;354890601A;SP;Jardim São Paulo;-47,87;-22,031;2019-07-02 05:10:00.0;0,00;
SÃO CARLOS;354890601A;SP;Jardim São Paulo;-47,87;-22,031;2019-07-02 06:10:00.0;0,00;
SÃO CARLOS;354890601A;SP;Jardim São Paulo;-47,87;-22,031;2019-07-02 07:10:00.0;0,00;
SÃO CARLOS;354890601A;SP;Jardim São Paulo;-47,87;-22,031;2019-07-02 08:10:00.0;0,00;
SÃO CARLOS;354890601A;SP;Jardim São Paulo;-47,87;-22,031;2019-07-02 09:10:00.0;0,00;
SÃO CARLOS;354890601A;SP;Jardim São Paulo;-47,87;-22,031;2019-07-02 10:10:00.0;0,00;
SÃO CARLOS;354890601A;SP;Jardim São Paulo;-47,87;-22,031;2019-07-02 11:10:00.0;0,00;
SÃO CARLOS;354890601A;SP;Jardim São Paulo;-47,87;-22,031;2019-07-02 12:10:00.0;0,00;
SÃO CARLOS;354890601A;SP;Jardim São Paulo;-47,87;-22,031;2019-07-02 13:10:00.0;0,00;
SÃO CARLOS;354890601A;SP;Jardim São Paulo;-47,87;-22,031;2019-07-02 14:10:00.0;0,00;
SÃO CARLOS;354890601A;SP;Jardim São Paulo;-47,87;-22,031;2019-07-02 15:10:00.0;0,00;
SÃO CARLOS;354890601A;SP;Jardim São Paulo;-47,87;-22,031;2019-07-02 16:10:00.0;0,00;
SÃO CARLOS;354890601A;SP;Jardim São Paulo;-47,87;-22,031;2019-07-02 17:10:00.0;0,00;
SÃO CARLOS;354890601A;SP;Jardim São Paulo;-47,87;-22,031;2019-07-02 18:10:00.0;0,00;
SÃO CARLOS;354890601A;SP;Jardim São Paulo;-47,87;-22,031;2019-07-02 19:10:00.0;0,00;
SÃO CARLOS;354890601A;SP;Jardim São Paulo;-47,87;-22,031;2019-07-02 20:10:00.0;0,00;
SÃO CARLOS;354890601A;SP;Jardim São Paulo;-47,87;-22,031;2019-07-02 21:10:00.0;0,00;
SÃO CARLOS;354890601A;SP;Jardim São Paulo;-47,87;-22,031;2019-07-02 22:10:00.0;0,00;
SÃO CARLOS;354890601A;SP;Jardim São Paulo;-47,87;-22,031;2019-07-02 23:10:00.0;0,00;
SÃO CARLOS;354890601A;SP;Jardim São Paulo;-47,87;-22,031;2019-07-03 00:10:00.0;0,00;
SÃO CARLOS;354890601A;SP;Jardim São Paulo;-47,87;-22,031;2019-07-03 01:10:00.0;0,00;
SÃO CARLOS;354890601A;SP;Jardim São Paulo;-47,87;-22,031;2019-07-03 02:10:00.0;0,00;
SÃO CARLOS;354890601A;SP;Jardim São Paulo;-47,87;-22,031;2019-07-03 03:10:00.0;0,00;
SÃO CARLOS;354890601A;SP;Jardim São Paulo;-47,87;-22,031;2019-07-03 04:10:00.0;0,00;
SÃO CARLOS;354890601A;SP;Jardim São Paulo;-47,87;-22,031;2019-07-03 05:10:00.0;0,00;
SÃO CARLOS;354890601A;SP;Jardim São Paulo;-47,87;-22,031;2019-07-03 06:10:00.0;0,00;
SÃO CARLOS;354890601A;SP;Jardim São Paulo;-47,87;-22,031;2019-07-03 07:10:00.0;0,00;
SÃO CARLOS;354890601A;SP;Jardim São Paulo;-47,87;-22,031;2019-07-03 08:10:00.0;0,00;
SÃO CARLOS;354890601A;SP;Jardim São Paulo;-47,87;-22,031;2019-07-03 09:10:00.0;0,00;
SÃO CARLOS;354890601A;SP;Jardim São Paulo;-47,87;-22,031;2019-07-03 10:10:00.0;0,00;
SÃO CARLOS;354890601A;SP;Jardim São Paulo;-47,87;-22,031;2019-07-03 11:10:00.0;0,00;
SÃO CARLOS;354890601A;SP;Jardim São Paulo;-47,87;-22,031;2019-07-03 12:10:00.0;0,00;
SÃO CARLOS;354890601A;SP;Jardim São Paulo;-47,87;-22,031;2019-07-03 13:10:00.0;0,00;
SÃO CARLOS;354890601A;SP;Jardim São Paulo;-47,87;-22,031;2019-07-03 14:10:00.0;0,00;
SÃO CARLOS;354890601A;SP;Jardim São Paulo;-47,87;-22,031;2019-07-03 15:10:00.0;0,00;
SÃO CARLOS;354890601A;SP;Jardim São Paulo;-47,87;-22,031;2019-07-03 16:10:00.0;0,00;
SÃO CARLOS;354890601A;SP;Jardim São Paulo;-47,87;-22,031;2019-07-03 17:10:00.0;0,00;
SÃO CARLOS;354890601A;SP;Jardim São Paulo;-47,87;-22,031;2019-07-03 18:10:00.0;0,00;
SÃO CARLOS;354890601A;SP;Jardim São Paulo;-47,87;-22,031;2019-07-03 19:10:00.0;0,00;
SÃO CARLOS;354890601A;SP;Jardim São Paulo;-47,87;-22,031;2019-07-03 20:10:00.0;0,00;
SÃO CARLOS;354890601A;SP;Jardim São Paulo;-47,87;-22,031;2019-07-03 21:10:00.0;0,00;
SÃO CARLOS;354890601A;SP;Jardim São Paulo;-47,87;-22,031;2019-07-03 22:10:00.0;0,00;
SÃO CARLOS;354890601A;SP;Jardim São Paulo;-47,87;-22,031;2019-07-03 23:10:00.0;0,00;
SÃO CARLOS;354890601A;SP;Jardim São Paulo;-47,87;-22,031;2019-07-04 00:10:00.0;0,00;
SÃO CARLOS;354890601A;SP;Jardim São Paulo;-47,87;-22,031;2019-07-04 01:10:00.0;0,00;
SÃO CARLOS;354890601A;SP;Jardim São Paulo;-47,87;-22,031;2019-07-04 02:10:00.0;0,00;
SÃO CARLOS;354890601A;SP;Jardim São Paulo;-47,87;-22,031;2019-07-04 03:10:00.0;0,00;
SÃO CARLOS;354890601A;SP;Jardim São Paulo;-47,87;-22,031;2019-07-04 04:10:00.0;0,00;
SÃO CARLOS;354890601A;SP;Jardim São Paulo;-47,87;-22,031;2019-07-04 05:10:00.0;0,00;
SÃO CARLOS;354890601A;SP;Jardim São Paulo;-47,87;-22,031;2019-07-04 06:10:00.0;0,00;
SÃO CARLOS;354890601A;SP;Jardim São Paulo;-47,87;-22,031;2019-07-04 07:10:00.0;0,00;
SÃO CARLOS;354890601A;SP;Jardim São Paulo;-47,87;-22,031;2019-07-04 08:10:00.0;0,00;
SÃO CARLOS;354890601A;SP;Jardim São Paulo;-47,87;-22,031;2019-07-04 09:10:00.0;0,00;
SÃO CARLOS;354890601A;SP;Jardim São Paulo;-47,87;-22,031;2019-07-04 10:10:00.0;0,00;
SÃO CARLOS;354890601A;SP;Jardim São Paulo;-47,87;-22,031;2019-07-04 11:10:00.0;0,00;
SÃO CARLOS;354890601A;SP;Jardim São Paulo;-47,87;-22,031;2019-07-04 12:10:00.0;0,00;
SÃO CARLOS;354890601A;SP;Jardim São Paulo;-47,87;-22,031;2019-07-04 13:10:00.0;0,00;
SÃO CARLOS;354890601A;SP;Jardim São Paulo;-47,87;-22,031;2019-07-04 14:10:00.0;0,00;
SÃO CARLOS;354890601A;SP;Jardim São Paulo;-47,87;-22,031;2019-07-04 15:10:00.0;0,00;
SÃO CARLOS;354890601A;SP;Jardim São Paulo;-47,87;-22,031;2019-07-04 16:10:00.0;0,00;
SÃO CARLOS;354890601A;SP;Jardim São Paulo;-47,87;-22,031;2019-07-04 17:10:00.0;0,00;
SÃO CARLOS;354890601A;SP;Jardim São Paulo;-47,87;-22,031;2019-07-04 18:10:00.0;0,00;
SÃO CARLOS;354890601A;SP;Jardim São Paulo;-47,87;-22,031;2019-07-04 19:10:00.0;0,00;
SÃO CARLOS;354890601A;SP;Jardim São Paulo;-47,87;-22,031;2019-07-04 20:10:00.0;0,00;
SÃO CARLOS;354890601A;SP;Jardim São Paulo;-47,87;-22,031;2019-07-04 21:10:00.0;0,00;
SÃO CARLOS;354890601A;SP;Jardim São Paulo;-47,87;-22,031;2019-07-04 22:10:00.0;0,00;
SÃO CARLOS;354890601A;SP;Jardim São Paulo;-47,87;-22,031;2019-07-04 23:10:00.0;0,00;
SÃO CARLOS;354890601A;SP;Jardim São Paulo;-47,87;-22,031;2019-07-04 23:20:00.0;0,40;
SÃO CARLOS;354890601A;SP;Jardim São Paulo;-47,87;-22,031;2019-07-04 23:30:00.0;0,40;
SÃO CARLOS;354890601A;SP;Jardim São Paulo;-47,87;-22,031;2019-07-04 23:40:00.0;0,20;
SÃO CARLOS;354890601A;SP;Jardim São Paulo;-47,87;-22,031;2019-07-05 00:00:00.0;0,20;
SÃO CARLOS;354890601A;SP;Jardim São Paulo;-47,87;-22,031;2019-07-05 00:10:00.0;0,00;
SÃO CARLOS;354890601A;SP;Jardim São Paulo;-47,87;-22,031;2019-07-05 00:20:00.0;0,20;
SÃO CARLOS;354890601A;SP;Jardim São Paulo;-47,87;-22,031;2019-07-05 00:30:00.0;0,20;
SÃO CARLOS;354890601A;SP;Jardim São Paulo;-47,87;-22,031;2019-07-05 00:40:00.0;0,20;
SÃO CARLOS;354890601A;SP;Jardim São Paulo;-47,87;-22,031;2019-07-05 00:50:00.0;0,20;
SÃO CARLOS;354890601A;SP;Jardim São Paulo;-47,87;-22,031;2019-07-05 01:00:00.0;0,20;
SÃO CARLOS;354890601A;SP;Jardim São Paulo;-47,87;-22,031;2019-07-05 01:10:00.0;0,20;
SÃO CARLOS;354890601A;SP;Jardim São Paulo;-47,87;-22,031;2019-07-05 01:20:00.0;0,20;
SÃO CARLOS;354890601A;SP;Jardim São Paulo;-47,87;-22,031;2019-07-05 01:50:00.0;0,20;
SÃO CARLOS;354890601A;SP;Jardim São Paulo;-47,87;-22,031;2019-07-05 02:10:00.0;0,20;
SÃO CARLOS;354890601A;SP;Jardim São Paulo;-47,87;-22,031;2019-07-05 02:30:00.0;0,20;
SÃO CARLOS;354890601A;SP;Jardim São Paulo;-47,87;-22,031;2019-07-05 02:50:00.0;0,20;
SÃO CARLOS;354890601A;SP;Jardim São Paulo;-47,87;-22,031;2019-07-05 03:00:00.0;0,40;
SÃO CARLOS;354890601A;SP;Jardim São Paulo;-47,87;-22,031;2019-07-05 03:10:00.0;0,00;
SÃO CARLOS;354890601A;SP;Jardim São Paulo;-47,87;-22,031;2019-07-05 03:20:00.0;0,20;
SÃO CARLOS;354890601A;SP;Jardim São Paulo;-47,87;-22,031;2019-07-05 03:40:00.0;0,20;
SÃO CARLOS;354890601A;SP;Jardim São Paulo;-47,87;-22,031;2019-07-05 04:00:00.0;0,40;
SÃO CARLOS;354890601A;SP;Jardim São Paulo;-47,87;-22,031;2019-07-05 04:10:00.0;0,60;
SÃO CARLOS;354890601A;SP;Jardim São Paulo;-47,87;-22,031;2019-07-05 04:20:00.0;0,40;
SÃO CARLOS;354890601A;SP;Jardim São Paulo;-47,87;-22,031;2019-07-05 04:30:00.0;0,20;
SÃO CARLOS;354890601A;SP;Jardim São Paulo;-47,87;-22,031;2019-07-05 04:40:00.0;0,20;
SÃO CARLOS;354890601A;SP;Jardim São Paulo;-47,87;-22,031;2019-07-05 04:50:00.0;0,20;
SÃO CARLOS;354890601A;SP;Jardim São Paulo;-47,87;-22,031;2019-07-05 05:10:00.0;0,20;
SÃO CARLOS;354890601A;SP;Jardim São Paulo;-47,87;-22,031;2019-07-05 05:20:00.0;0,80;
SÃO CARLOS;354890601A;SP;Jardim São Paulo;-47,87;-22,031;2019-07-05 05:30:00.0;2,80;
SÃO CARLOS;354890601A;SP;Jardim São Paulo;-47,87;-22,031;2019-07-05 05:40:00.0;2,40;
SÃO CARLOS;354890601A;SP;Jardim São Paulo;-47,87;-22,031;2019-07-05 05:50:00.0;1,60;
SÃO CARLOS;354890601A;SP;Jardim São Paulo;-47,87;-22,031;2019-07-05 06:00:00.0;1,40;
SÃO CARLOS;354890601A;SP;Jardim São Paulo;-47,87;-22,031;2019-07-05 06:10:00.0;1,40;
SÃO CARLOS;354890601A;SP;Jardim São Paulo;-47,87;-22,031;2019-07-05 06:20:00.0;1,80;
SÃO CARLOS;354890601A;SP;Jardim São Paulo;-47,87;-22,031;2019-07-05 06:30:00.0;1,40;
SÃO CARLOS;354890601A;SP;Jardim São Paulo;-47,87;-22,031;2019-07-05 06:40:00.0;1,20;
SÃO CARLOS;354890601A;SP;Jardim São Paulo;-47,87;-22,031;2019-07-05 06:50:00.0;0,80;
SÃO CARLOS;354890601A;SP;Jardim São Paulo;-47,87;-22,031;2019-07-05 07:00:00.0;0,40;
SÃO CARLOS;354890601A;SP;Jardim São Paulo;-47,87;-22,031;2019-07-05 07:10:00.0;0,40;
SÃO CARLOS;354890601A;SP;Jardim São Paulo;-47,87;-22,031;2019-07-05 07:20:00.0;0,20;
SÃO CARLOS;354890601A;SP;Jardim São Paulo;-47,87;-22,031;2019-07-05 07:30:00.0;0,60;
SÃO CARLOS;354890601A;SP;Jardim São Paulo;-47,87;-22,031;2019-07-05 07:40:00.0;0,40;
SÃO CARLOS;354890601A;SP;Jardim São Paulo;-47,87;-22,031;2019-07-05 07:50:00.0;0,20;
SÃO CARLOS;354890601A;SP;Jardim São Paulo;-47,87;-22,031;2019-07-05 08:00:00.0;0,80;
SÃO CARLOS;354890601A;SP;Jardim São Paulo;-47,87;-22,031;2019-07-05 08:10:00.0;1,00;
SÃO CARLOS;354890601A;SP;Jardim São Paulo;-47,87;-22,031;2019-07-05 08:20:00.0;1,00;
SÃO CARLOS;354890601A;SP;Jardim São Paulo;-47,87;-22,031;2019-07-05 08:30:00.0;1,40;
SÃO CARLOS;354890601A;SP;Jardim São Paulo;-47,87;-22,031;2019-07-05 08:40:00.0;0,40;
SÃO CARLOS;354890601A;SP;Jardim São Paulo;-47,87;-22,031;2019-07-05 08:50:00.0;0,20;
SÃO CARLOS;354890601A;SP;Jardim São Paulo;-47,87;-22,031;2019-07-05 09:10:00.0;0,80;
SÃO CARLOS;354890601A;SP;Jardim São Paulo;-47,87;-22,031;2019-07-05 09:20:00.0;0,80;
SÃO CARLOS;354890601A;SP;Jardim São Paulo;-47,87;-22,031;2019-07-05 09:30:00.0;0,40;
SÃO CARLOS;354890601A;SP;Jardim São Paulo;-47,87;-22,031;2019-07-05 09:50:00.0;0,60;
SÃO CARLOS;354890601A;SP;Jardim São Paulo;-47,87;-22,031;2019-07-05 10:10:00.0;0,40;
SÃO CARLOS;354890601A;SP;Jardim São Paulo;-47,87;-22,031;2019-07-05 10:20:00.0;0,40;
SÃO CARLOS;354890601A;SP;Jardim São Paulo;-47,87;-22,031;2019-07-05 10:30:00.0;1,20;
SÃO CARLOS;354890601A;SP;Jardim São Paulo;-47,87;-22,031;2019-07-05 10:40:00.0;1,80;
SÃO CARLOS;354890601A;SP;Jardim São Paulo;-47,87;-22,031;2019-07-05 10:50:00.0;2,20;
SÃO CARLOS;354890601A;SP;Jardim São Paulo;-47,87;-22,031;2019-07-05 11:00:00.0;0,40;
SÃO CARLOS;354890601A;SP;Jardim São Paulo;-47,87;-22,031;2019-07-05 11:10:00.0;0,40;
SÃO CARLOS;354890601A;SP;Jardim São Paulo;-47,87;-22,031;2019-07-05 11:20:00.0;0,40;
SÃO CARLOS;354890601A;SP;Jardim São Paulo;-47,87;-22,031;2019-07-05 11:30:00.0;0,20;
SÃO CARLOS;354890601A;SP;Jardim São Paulo;-47,87;-22,031;2019-07-05 11:50:00.0;0,20;
SÃO CARLOS;354890601A;SP;Jardim São Paulo;-47,87;-22,031;2019-07-05 12:10:00.0;0,00;
SÃO CARLOS;354890601A;SP;Jardim São Paulo;-47,87;-22,031;2019-07-05 12:20:00.0;0,20;
SÃO CARLOS;354890601A;SP;Jardim São Paulo;-47,87;-22,031;2019-07-05 13:10:00.0;0,00;
SÃO CARLOS;354890601A;SP;Jardim São Paulo;-47,87;-22,031;2019-07-05 13:30:00.0;0,20;
SÃO CARLOS;354890601A;SP;Jardim São Paulo;-47,87;-22,031;2019-07-05 14:10:00.0;0,00;
SÃO CARLOS;354890601A;SP;Jardim São Paulo;-47,87;-22,031;2019-07-05 15:10:00.0;0,00;
SÃO CARLOS;354890601A;SP;Jardim São Paulo;-47,87;-22,031;2019-07-05 15:40:00.0;0,40;
SÃO CARLOS;354890601A;SP;Jardim São Paulo;-47,87;-22,031;2019-07-05 16:10:00.0;0,00;
SÃO CARLOS;354890601A;SP;Jardim São Paulo;-47,87;-22,031;2019-07-05 17:10:00.0;0,00;
SÃO CARLOS;354890601A;SP;Jardim São Paulo;-47,87;-22,031;2019-07-05 17:20:00.0;0,20;
SÃO CARLOS;354890601A;SP;Jardim São Paulo;-47,87;-22,031;2019-07-05 17:30:00.0;0,40;
SÃO CARLOS;354890601A;SP;Jardim São Paulo;-47,87;-22,031;2019-07-05 17:40:00.0;0,20;
SÃO CARLOS;354890601A;SP;Jardim São Paulo;-47,87;-22,031;2019-07-05 18:10:00.0;0,00;
SÃO CARLOS;354890601A;SP;Jardim São Paulo;-47,87;-22,031;2019-07-05 19:10:00.0;0,00;
SÃO CARLOS;354890601A;SP;Jardim São Paulo;-47,87;-22,031;2019-07-05 20:10:00.0;0,00;
SÃO CARLOS;354890601A;SP;Jardim São Paulo;-47,87;-22,031;2019-07-05 21:10:00.0;0,00;
SÃO CARLOS;354890601A;SP;Jardim São Paulo;-47,87;-22,031;2019-07-05 22:10:00.0;0,00;
SÃO CARLOS;354890601A;SP;Jardim São Paulo;-47,87;-22,031;2019-07-05 23:10:00.0;0,00;
SÃO CARLOS;354890601A;SP;Jardim São Paulo;-47,87;-22,031;2019-07-06 00:10:00.0;0,00;
SÃO CARLOS;354890601A;SP;Jardim São Paulo;-47,87;-22,031;2019-07-06 01:10:00.0;0,00;
SÃO CARLOS;354890601A;SP;Jardim São Paulo;-47,87;-22,031;2019-07-06 02:10:00.0;0,00;
SÃO CARLOS;354890601A;SP;Jardim São Paulo;-47,87;-22,031;2019-07-06 03:10:00.0;0,00;
SÃO CARLOS;354890601A;SP;Jardim São Paulo;-47,87;-22,031;2019-07-06 04:10:00.0;0,00;
SÃO CARLOS;354890601A;SP;Jardim São Paulo;-47,87;-22,031;2019-07-06 04:50:00.0;0,20;
SÃO CARLOS;354890601A;SP;Jardim São Paulo;-47,87;-22,031;2019-07-06 05:10:00.0;0,00;
SÃO CARLOS;354890601A;SP;Jardim São Paulo;-47,87;-22,031;2019-07-06 06:10:00.0;0,00;
SÃO CARLOS;354890601A;SP;Jardim São Paulo;-47,87;-22,031;2019-07-06 07:10:00.0;0,00;
SÃO CARLOS;354890601A;SP;Jardim São Paulo;-47,87;-22,031;2019-07-06 08:10:00.0;0,00;
SÃO CARLOS;354890601A;SP;Jardim São Paulo;-47,87;-22,031;2019-07-06 10:10:00.0;0,00;
SÃO CARLOS;354890601A;SP;Jardim São Paulo;-47,87;-22,031;2019-07-06 11:10:00.0;0,00;
SÃO CARLOS;354890601A;SP;Jardim São Paulo;-47,87;-22,031;2019-07-06 12:10:00.0;0,00;
SÃO CARLOS;354890601A;SP;Jardim São Paulo;-47,87;-22,031;2019-07-06 13:00:00.0;0,20;
SÃO CARLOS;354890601A;SP;Jardim São Paulo;-47,87;-22,031;2019-07-06 13:10:00.0;0,00;
SÃO CARLOS;354890601A;SP;Jardim São Paulo;-47,87;-22,031;2019-07-06 14:10:00.0;0,00;
SÃO CARLOS;354890601A;SP;Jardim São Paulo;-47,87;-22,031;2019-07-06 15:10:00.0;0,00;
SÃO CARLOS;354890601A;SP;Jardim São Paulo;-47,87;-22,031;2019-07-06 16:10:00.0;0,00;
SÃO CARLOS;354890601A;SP;Jardim São Paulo;-47,87;-22,031;2019-07-06 17:10:00.0;0,00;
SÃO CARLOS;354890601A;SP;Jardim São Paulo;-47,87;-22,031;2019-07-06 18:10:00.0;0,00;
SÃO CARLOS;354890601A;SP;Jardim São Paulo;-47,87;-22,031;2019-07-06 19:10:00.0;0,00;
SÃO CARLOS;354890601A;SP;Jardim São Paulo;-47,87;-22,031;2019-07-06 20:10:00.0;0,00;
SÃO CARLOS;354890601A;SP;Jardim São Paulo;-47,87;-22,031;2019-07-06 21:10:00.0;0,00;
SÃO CARLOS;354890601A;SP;Jardim São Paulo;-47,87;-22,031;2019-07-06 22:10:00.0;0,00;
SÃO CARLOS;354890601A;SP;Jardim São Paulo;-47,87;-22,031;2019-07-06 23:10:00.0;0,00;
SÃO CARLOS;354890601A;SP;Jardim São Paulo;-47,87;-22,031;2019-07-07 00:10:00.0;0,00;
SÃO CARLOS;354890601A;SP;Jardim São Paulo;-47,87;-22,031;2019-07-07 01:10:00.0;0,00;
SÃO CARLOS;354890601A;SP;Jardim São Paulo;-47,87;-22,031;2019-07-07 02:10:00.0;0,00;
SÃO CARLOS;354890601A;SP;Jardim São Paulo;-47,87;-22,031;2019-07-07 03:10:00.0;0,00;
SÃO CARLOS;354890601A;SP;Jardim São Paulo;-47,87;-22,031;2019-07-07 04:10:00.0;0,00;
SÃO CARLOS;354890601A;SP;Jardim São Paulo;-47,87;-22,031;2019-07-07 05:10:00.0;0,00;
SÃO CARLOS;354890601A;SP;Jardim São Paulo;-47,87;-22,031;2019-07-07 06:10:00.0;0,00;
SÃO CARLOS;354890601A;SP;Jardim São Paulo;-47,87;-22,031;2019-07-07 07:10:00.0;0,00;
SÃO CARLOS;354890601A;SP;Jardim São Paulo;-47,87;-22,031;2019-07-07 08:10:00.0;0,00;
SÃO CARLOS;354890601A;SP;Jardim São Paulo;-47,87;-22,031;2019-07-07 09:10:00.0;0,00;
SÃO CARLOS;354890601A;SP;Jardim São Paulo;-47,87;-22,031;2019-07-07 10:10:00.0;0,00;
SÃO CARLOS;354890601A;SP;Jardim São Paulo;-47,87;-22,031;2019-07-07 11:10:00.0;0,00;
SÃO CARLOS;354890601A;SP;Jardim São Paulo;-47,87;-22,031;2019-07-07 12:10:00.0;0,00;
SÃO CARLOS;354890601A;SP;Jardim São Paulo;-47,87;-22,031;2019-07-07 13:10:00.0;0,00;
SÃO CARLOS;354890601A;SP;Jardim São Paulo;-47,87;-22,031;2019-07-07 14:10:00.0;0,00;
SÃO CARLOS;354890601A;SP;Jardim São Paulo;-47,87;-22,031;2019-07-07 15:10:00.0;0,00;
SÃO CARLOS;354890601A;SP;Jardim São Paulo;-47,87;-22,031;2019-07-07 16:10:00.0;0,00;
SÃO CARLOS;354890601A;SP;Jardim São Paulo;-47,87;-22,031;2019-07-07 17:10:00.0;0,00;
SÃO CARLOS;354890601A;SP;Jardim São Paulo;-47,87;-22,031;2019-07-07 18:10:00.0;0,00;
SÃO CARLOS;354890601A;SP;Jardim São Paulo;-47,87;-22,031;2019-07-07 19:10:00.0;0,00;
SÃO CARLOS;354890601A;SP;Jardim São Paulo;-47,87;-22,031;2019-07-07 20:10:00.0;0,00;
SÃO CARLOS;354890601A;SP;Jardim São Paulo;-47,87;-22,031;2019-07-07 21:10:00.0;0,00;
SÃO CARLOS;354890601A;SP;Jardim São Paulo;-47,87;-22,031;2019-07-07 22:10:00.0;0,00;
SÃO CARLOS;354890601A;SP;Jardim São Paulo;-47,87;-22,031;2019-07-07 23:10:00.0;0,00;
SÃO CARLOS;354890601A;SP;Jardim São Paulo;-47,87;-22,031;2019-07-08 00:10:00.0;0,00;
SÃO CARLOS;354890601A;SP;Jardim São Paulo;-47,87;-22,031;2019-07-08 01:10:00.0;0,00;
SÃO CARLOS;354890601A;SP;Jardim São Paulo;-47,87;-22,031;2019-07-08 02:10:00.0;0,00;
SÃO CARLOS;354890601A;SP;Jardim São Paulo;-47,87;-22,031;2019-07-08 03:10:00.0;0,00;
SÃO CARLOS;354890601A;SP;Jardim São Paulo;-47,87;-22,031;2019-07-08 04:10:00.0;0,00;
SÃO CARLOS;354890601A;SP;Jardim São Paulo;-47,87;-22,031;2019-07-08 05:10:00.0;0,00;
SÃO CARLOS;354890601A;SP;Jardim São Paulo;-47,87;-22,031;2019-07-08 06:10:00.0;0,00;
SÃO CARLOS;354890601A;SP;Jardim São Paulo;-47,87;-22,031;2019-07-08 07:10:00.0;0,00;
SÃO CARLOS;354890601A;SP;Jardim São Paulo;-47,87;-22,031;2019-07-08 08:10:00.0;0,00;
SÃO CARLOS;354890601A;SP;Jardim São Paulo;-47,87;-22,031;2019-07-08 09:10:00.0;0,00;
SÃO CARLOS;354890601A;SP;Jardim São Paulo;-47,87;-22,031;2019-07-08 10:10:00.0;0,00;
SÃO CARLOS;354890601A;SP;Jardim São Paulo;-47,87;-22,031;2019-07-08 11:10:00.0;0,00;
SÃO CARLOS;354890601A;SP;Jardim São Paulo;-47,87;-22,031;2019-07-08 12:10:00.0;0,00;
SÃO CARLOS;354890601A;SP;Jardim São Paulo;-47,87;-22,031;2019-07-08 13:10:00.0;0,00;
SÃO CARLOS;354890601A;SP;Jardim São Paulo;-47,87;-22,031;2019-07-08 14:10:00.0;0,00;
SÃO CARLOS;354890601A;SP;Jardim São Paulo;-47,87;-22,031;2019-07-08 15:10:00.0;0,00;
SÃO CARLOS;354890601A;SP;Jardim São Paulo;-47,87;-22,031;2019-07-08 16:10:00.0;0,00;
SÃO CARLOS;354890601A;SP;Jardim São Paulo;-47,87;-22,031;2019-07-08 17:10:00.0;0,00;
SÃO CARLOS;354890601A;SP;Jardim São Paulo;-47,87;-22,031;2019-07-08 18:10:00.0;0,00;
SÃO CARLOS;354890601A;SP;Jardim São Paulo;-47,87;-22,031;2019-07-08 19:10:00.0;0,00;
SÃO CARLOS;354890601A;SP;Jardim São Paulo;-47,87;-22,031;2019-07-08 20:10:00.0;0,00;
SÃO CARLOS;354890601A;SP;Jardim São Paulo;-47,87;-22,031;2019-07-08 21:10:00.0;0,00;
SÃO CARLOS;354890601A;SP;Jardim São Paulo;-47,87;-22,031;2019-07-08 22:10:00.0;0,00;
SÃO CARLOS;354890601A;SP;Jardim São Paulo;-47,87;-22,031;2019-07-08 23:10:00.0;0,00;
SÃO CARLOS;354890601A;SP;Jardim São Paulo;-47,87;-22,031;2019-07-09 00:10:00.0;0,00;
SÃO CARLOS;354890601A;SP;Jardim São Paulo;-47,87;-22,031;2019-07-09 01:10:00.0;0,00;
SÃO CARLOS;354890601A;SP;Jardim São Paulo;-47,87;-22,031;2019-07-09 02:10:00.0;0,00;
SÃO CARLOS;354890601A;SP;Jardim São Paulo;-47,87;-22,031;2019-07-09 03:10:00.0;0,00;
SÃO CARLOS;354890601A;SP;Jardim São Paulo;-47,87;-22,031;2019-07-09 04:10:00.0;0,00;
SÃO CARLOS;354890601A;SP;Jardim São Paulo;-47,87;-22,031;2019-07-09 05:10:00.0;0,00;
SÃO CARLOS;354890601A;SP;Jardim São Paulo;-47,87;-22,031;2019-07-09 06:10:00.0;0,00;
SÃO CARLOS;354890601A;SP;Jardim São Paulo;-47,87;-22,031;2019-07-09 07:10:00.0;0,00;
SÃO CARLOS;354890601A;SP;Jardim São Paulo;-47,87;-22,031;2019-07-09 08:10:00.0;0,00;
SÃO CARLOS;354890601A;SP;Jardim São Paulo;-47,87;-22,031;2019-07-09 09:10:00.0;0,00;
SÃO CARLOS;354890601A;SP;Jardim São Paulo;-47,87;-22,031;2019-07-09 10:10:00.0;0,00;
SÃO CARLOS;354890601A;SP;Jardim São Paulo;-47,87;-22,031;2019-07-09 11:10:00.0;0,00;
SÃO CARLOS;354890601A;SP;Jardim São Paulo;-47,87;-22,031;2019-07-09 12:10:00.0;0,00;
SÃO CARLOS;354890601A;SP;Jardim São Paulo;-47,87;-22,031;2019-07-09 13:10:00.0;0,00;
SÃO CARLOS;354890601A;SP;Jardim São Paulo;-47,87;-22,031;2019-07-09 14:10:00.0;0,00;
SÃO CARLOS;354890601A;SP;Jardim São Paulo;-47,87;-22,031;2019-07-09 15:10:00.0;0,00;
SÃO CARLOS;354890601A;SP;Jardim São Paulo;-47,87;-22,031;2019-07-09 16:10:00.0;0,00;
SÃO CARLOS;354890601A;SP;Jardim São Paulo;-47,87;-22,031;2019-07-09 17:10:00.0;0,00;
SÃO CARLOS;354890601A;SP;Jardim São Paulo;-47,87;-22,031;2019-07-09 18:10:00.0;0,00;
SÃO CARLOS;354890601A;SP;Jardim São Paulo;-47,87;-22,031;2019-07-09 19:10:00.0;0,00;
SÃO CARLOS;354890601A;SP;Jardim São Paulo;-47,87;-22,031;2019-07-09 20:10:00.0;0,00;
SÃO CARLOS;354890601A;SP;Jardim São Paulo;-47,87;-22,031;2019-07-09 21:10:00.0;0,00;
SÃO CARLOS;354890601A;SP;Jardim São Paulo;-47,87;-22,031;2019-07-09 22:10:00.0;0,00;
SÃO CARLOS;354890601A;SP;Jardim São Paulo;-47,87;-22,031;2019-07-09 23:10:00.0;0,00;
SÃO CARLOS;354890601A;SP;Jardim São Paulo;-47,87;-22,031;2019-07-10 00:10:00.0;0,00;
SÃO CARLOS;354890601A;SP;Jardim São Paulo;-47,87;-22,031;2019-07-10 01:10:00.0;0,00;
SÃO CARLOS;354890601A;SP;Jardim São Paulo;-47,87;-22,031;2019-07-10 02:10:00.0;0,00;
SÃO CARLOS;354890601A;SP;Jardim São Paulo;-47,87;-22,031;2019-07-10 03:10:00.0;0,00;
SÃO CARLOS;354890601A;SP;Jardim São Paulo;-47,87;-22,031;2019-07-10 04:10:00.0;0,00;
SÃO CARLOS;354890601A;SP;Jardim São Paulo;-47,87;-22,031;2019-07-10 05:10:00.0;0,00;
SÃO CARLOS;354890601A;SP;Jardim São Paulo;-47,87;-22,031;2019-07-10 06:10:00.0;0,00;
SÃO CARLOS;354890601A;SP;Jardim São Paulo;-47,87;-22,031;2019-07-10 07:10:00.0;0,00;
SÃO CARLOS;354890601A;SP;Jardim São Paulo;-47,87;-22,031;2019-07-10 08:10:00.0;0,00;
SÃO CARLOS;354890601A;SP;Jardim São Paulo;-47,87;-22,031;2019-07-10 09:10:00.0;0,00;
SÃO CARLOS;354890601A;SP;Jardim São Paulo;-47,87;-22,031;2019-07-10 10:10:00.0;0,00;
SÃO CARLOS;354890601A;SP;Jardim São Paulo;-47,87;-22,031;2019-07-10 11:10:00.0;0,00;
SÃO CARLOS;354890601A;SP;Jardim São Paulo;-47,87;-22,031;2019-07-10 12:10:00.0;0,00;
SÃO CARLOS;354890601A;SP;Jardim São Paulo;-47,87;-22,031;2019-07-10 13:10:00.0;0,00;
SÃO CARLOS;354890601A;SP;Jardim São Paulo;-47,87;-22,031;2019-07-10 14:10:00.0;0,00;
SÃO CARLOS;354890601A;SP;Jardim São Paulo;-47,87;-22,031;2019-07-10 15:10:00.0;0,00;
SÃO CARLOS;354890601A;SP;Jardim São Paulo;-47,87;-22,031;2019-07-10 16:10:00.0;0,00;
SÃO CARLOS;354890601A;SP;Jardim São Paulo;-47,87;-22,031;2019-07-10 17:10:00.0;0,00;
SÃO CARLOS;354890601A;SP;Jardim São Paulo;-47,87;-22,031;2019-07-10 18:10:00.0;0,00;
SÃO CARLOS;354890601A;SP;Jardim São Paulo;-47,87;-22,031;2019-07-10 19:10:00.0;0,00;
SÃO CARLOS;354890601A;SP;Jardim São Paulo;-47,87;-22,031;2019-07-10 20:10:00.0;0,00;
SÃO CARLOS;354890601A;SP;Jardim São Paulo;-47,87;-22,031;2019-07-10 21:10:00.0;0,00;
SÃO CARLOS;354890601A;SP;Jardim São Paulo;-47,87;-22,031;2019-07-10 22:10:00.0;0,00;
SÃO CARLOS;354890601A;SP;Jardim São Paulo;-47,87;-22,031;2019-07-10 23:10:00.0;0,00;
SÃO CARLOS;354890601A;SP;Jardim São Paulo;-47,87;-22,031;2019-07-11 00:10:00.0;0,00;
SÃO CARLOS;354890601A;SP;Jardim São Paulo;-47,87;-22,031;2019-07-11 01:10:00.0;0,00;
SÃO CARLOS;354890601A;SP;Jardim São Paulo;-47,87;-22,031;2019-07-11 02:10:00.0;0,00;
SÃO CARLOS;354890601A;SP;Jardim São Paulo;-47,87;-22,031;2019-07-11 03:10:00.0;0,00;
SÃO CARLOS;354890601A;SP;Jardim São Paulo;-47,87;-22,031;2019-07-11 04:10:00.0;0,00;
SÃO CARLOS;354890601A;SP;Jardim São Paulo;-47,87;-22,031;2019-07-11 05:10:00.0;0,00;
SÃO CARLOS;354890601A;SP;Jardim São Paulo;-47,87;-22,031;2019-07-11 06:10:00.0;0,00;
SÃO CARLOS;354890601A;SP;Jardim São Paulo;-47,87;-22,031;2019-07-11 07:10:00.0;0,00;
SÃO CARLOS;354890601A;SP;Jardim São Paulo;-47,87;-22,031;2019-07-11 08:10:00.0;0,00;
SÃO CARLOS;354890601A;SP;Jardim São Paulo;-47,87;-22,031;2019-07-11 09:10:00.0;0,00;
SÃO CARLOS;354890601A;SP;Jardim São Paulo;-47,87;-22,031;2019-07-11 11:10:00.0;0,00;
SÃO CARLOS;354890601A;SP;Jardim São Paulo;-47,87;-22,031;2019-07-11 12:10:00.0;0,00;
SÃO CARLOS;354890601A;SP;Jardim São Paulo;-47,87;-22,031;2019-07-11 13:10:00.0;0,00;
SÃO CARLOS;354890601A;SP;Jardim São Paulo;-47,87;-22,031;2019-07-11 14:10:00.0;0,00;
SÃO CARLOS;354890601A;SP;Jardim São Paulo;-47,87;-22,031;2019-07-11 15:10:00.0;0,00;
SÃO CARLOS;354890601A;SP;Jardim São Paulo;-47,87;-22,031;2019-07-11 16:10:00.0;0,00;
SÃO CARLOS;354890601A;SP;Jardim São Paulo;-47,87;-22,031;2019-07-11 17:10:00.0;0,00;
SÃO CARLOS;354890601A;SP;Jardim São Paulo;-47,87;-22,031;2019-07-11 19:30:00.0;0,00;
SÃO CARLOS;354890601A;SP;Jardim São Paulo;-47,87;-22,031;2019-07-11 20:10:00.0;0,00;
SÃO CARLOS;354890601A;SP;Jardim São Paulo;-47,87;-22,031;2019-07-11 21:10:00.0;0,00;
SÃO CARLOS;354890601A;SP;Jardim São Paulo;-47,87;-22,031;2019-07-11 22:10:00.0;0,00;
SÃO CARLOS;354890601A;SP;Jardim São Paulo;-47,87;-22,031;2019-07-11 23:10:00.0;0,00;
SÃO CARLOS;354890601A;SP;Jardim São Paulo;-47,87;-22,031;2019-07-12 00:10:00.0;0,00;
SÃO CARLOS;354890601A;SP;Jardim São Paulo;-47,87;-22,031;2019-07-12 01:10:00.0;0,00;
SÃO CARLOS;354890601A;SP;Jardim São Paulo;-47,87;-22,031;2019-07-12 02:10:00.0;0,00;
SÃO CARLOS;354890601A;SP;Jardim São Paulo;-47,87;-22,031;2019-07-12 03:10:00.0;0,00;
SÃO CARLOS;354890601A;SP;Jardim São Paulo;-47,87;-22,031;2019-07-12 04:10:00.0;0,00;
SÃO CARLOS;354890601A;SP;Jardim São Paulo;-47,87;-22,031;2019-07-12 05:10:00.0;0,00;
SÃO CARLOS;354890601A;SP;Jardim São Paulo;-47,87;-22,031;2019-07-12 06:10:00.0;0,00;
SÃO CARLOS;354890601A;SP;Jardim São Paulo;-47,87;-22,031;2019-07-12 07:10:00.0;0,00;
SÃO CARLOS;354890601A;SP;Jardim São Paulo;-47,87;-22,031;2019-07-12 08:10:00.0;0,00;
SÃO CARLOS;354890601A;SP;Jardim São Paulo;-47,87;-22,031;2019-07-12 09:10:00.0;0,00;
SÃO CARLOS;354890601A;SP;Jardim São Paulo;-47,87;-22,031;2019-07-12 10:10:00.0;0,00;
SÃO CARLOS;354890601A;SP;Jardim São Paulo;-47,87;-22,031;2019-07-12 11:10:00.0;0,00;
SÃO CARLOS;354890601A;SP;Jardim São Paulo;-47,87;-22,031;2019-07-12 12:10:00.0;0,00;
SÃO CARLOS;354890601A;SP;Jardim São Paulo;-47,87;-22,031;2019-07-12 13:10:00.0;0,00;
SÃO CARLOS;354890601A;SP;Jardim São Paulo;-47,87;-22,031;2019-07-12 14:10:00.0;0,00;
SÃO CARLOS;354890601A;SP;Jardim São Paulo;-47,87;-22,031;2019-07-12 15:10:00.0;0,00;
SÃO CARLOS;354890601A;SP;Jardim São Paulo;-47,87;-22,031;2019-07-12 16:10:00.0;0,00;
SÃO CARLOS;354890601A;SP;Jardim São Paulo;-47,87;-22,031;2019-07-12 17:10:00.0;0,00;
SÃO CARLOS;354890601A;SP;Jardim São Paulo;-47,87;-22,031;2019-07-12 18:10:00.0;0,00;
SÃO CARLOS;354890601A;SP;Jardim São Paulo;-47,87;-22,031;2019-07-12 19:10:00.0;0,00;
SÃO CARLOS;354890601A;SP;Jardim São Paulo;-47,87;-22,031;2019-07-12 20:10:00.0;0,00;
SÃO CARLOS;354890601A;SP;Jardim São Paulo;-47,87;-22,031;2019-07-12 21:10:00.0;0,00;
SÃO CARLOS;354890601A;SP;Jardim São Paulo;-47,87;-22,031;2019-07-12 22:10:00.0;0,00;
SÃO CARLOS;354890601A;SP;Jardim São Paulo;-47,87;-22,031;2019-07-12 23:10:00.0;0,00;
SÃO CARLOS;354890601A;SP;Jardim São Paulo;-47,87;-22,031;2019-07-13 00:10:00.0;0,00;
SÃO CARLOS;354890601A;SP;Jardim São Paulo;-47,87;-22,031;2019-07-13 01:10:00.0;0,00;
SÃO CARLOS;354890601A;SP;Jardim São Paulo;-47,87;-22,031;2019-07-13 02:10:00.0;0,00;
SÃO CARLOS;354890601A;SP;Jardim São Paulo;-47,87;-22,031;2019-07-13 03:10:00.0;0,00;
SÃO CARLOS;354890601A;SP;Jardim São Paulo;-47,87;-22,031;2019-07-13 04:10:00.0;0,00;
SÃO CARLOS;354890601A;SP;Jardim São Paulo;-47,87;-22,031;2019-07-13 05:10:00.0;0,00;
SÃO CARLOS;354890601A;SP;Jardim São Paulo;-47,87;-22,031;2019-07-13 06:10:00.0;0,00;
SÃO CARLOS;354890601A;SP;Jardim São Paulo;-47,87;-22,031;2019-07-13 07:10:00.0;0,00;
SÃO CARLOS;354890601A;SP;Jardim São Paulo;-47,87;-22,031;2019-07-13 08:10:00.0;0,00;
SÃO CARLOS;354890601A;SP;Jardim São Paulo;-47,87;-22,031;2019-07-13 09:10:00.0;0,00;
SÃO CARLOS;354890601A;SP;Jardim São Paulo;-47,87;-22,031;2019-07-13 10:10:00.0;0,00;
SÃO CARLOS;354890601A;SP;Jardim São Paulo;-47,87;-22,031;2019-07-13 11:10:00.0;0,00;
SÃO CARLOS;354890601A;SP;Jardim São Paulo;-47,87;-22,031;2019-07-13 12:10:00.0;0,00;
SÃO CARLOS;354890601A;SP;Jardim São Paulo;-47,87;-22,031;2019-07-13 13:10:00.0;0,00;
SÃO CARLOS;354890601A;SP;Jardim São Paulo;-47,87;-22,031;2019-07-13 14:10:00.0;0,00;
SÃO CARLOS;354890601A;SP;Jardim São Paulo;-47,87;-22,031;2019-07-13 15:10:00.0;0,00;
SÃO CARLOS;354890601A;SP;Jardim São Paulo;-47,87;-22,031;2019-07-13 16:10:00.0;0,00;
SÃO CARLOS;354890601A;SP;Jardim São Paulo;-47,87;-22,031;2019-07-13 17:10:00.0;0,00;
SÃO CARLOS;354890601A;SP;Jardim São Paulo;-47,87;-22,031;2019-07-13 18:10:00.0;0,00;
SÃO CARLOS;354890601A;SP;Jardim São Paulo;-47,87;-22,031;2019-07-13 19:10:00.0;0,00;
SÃO CARLOS;354890601A;SP;Jardim São Paulo;-47,87;-22,031;2019-07-13 20:10:00.0;0,00;
SÃO CARLOS;354890601A;SP;Jardim São Paulo;-47,87;-22,031;2019-07-13 21:10:00.0;0,00;
SÃO CARLOS;354890601A;SP;Jardim São Paulo;-47,87;-22,031;2019-07-13 22:10:00.0;0,00;
SÃO CARLOS;354890601A;SP;Jardim São Paulo;-47,87;-22,031;2019-07-13 23:10:00.0;0,00;
SÃO CARLOS;354890601A;SP;Jardim São Paulo;-47,87;-22,031;2019-07-14 00:10:00.0;0,00;
SÃO CARLOS;354890601A;SP;Jardim São Paulo;-47,87;-22,031;2019-07-14 01:10:00.0;0,00;
SÃO CARLOS;354890601A;SP;Jardim São Paulo;-47,87;-22,031;2019-07-14 02:10:00.0;0,00;
SÃO CARLOS;354890601A;SP;Jardim São Paulo;-47,87;-22,031;2019-07-14 03:10:00.0;0,00;
SÃO CARLOS;354890601A;SP;Jardim São Paulo;-47,87;-22,031;2019-07-14 04:10:00.0;0,00;
SÃO CARLOS;354890601A;SP;Jardim São Paulo;-47,87;-22,031;2019-07-14 05:10:00.0;0,00;
SÃO CARLOS;354890601A;SP;Jardim São Paulo;-47,87;-22,031;2019-07-14 06:10:00.0;0,00;
SÃO CARLOS;354890601A;SP;Jardim São Paulo;-47,87;-22,031;2019-07-14 07:10:00.0;0,00;
SÃO CARLOS;354890601A;SP;Jardim São Paulo;-47,87;-22,031;2019-07-14 08:10:00.0;0,00;
SÃO CARLOS;354890601A;SP;Jardim São Paulo;-47,87;-22,031;2019-07-14 09:10:00.0;0,00;
SÃO CARLOS;354890601A;SP;Jardim São Paulo;-47,87;-22,031;2019-07-14 10:10:00.0;0,00;
SÃO CARLOS;354890601A;SP;Jardim São Paulo;-47,87;-22,031;2019-07-14 11:10:00.0;0,00;
SÃO CARLOS;354890601A;SP;Jardim São Paulo;-47,87;-22,031;2019-07-14 12:10:00.0;0,00;
SÃO CARLOS;354890601A;SP;Jardim São Paulo;-47,87;-22,031;2019-07-14 13:10:00.0;0,00;
SÃO CARLOS;354890601A;SP;Jardim São Paulo;-47,87;-22,031;2019-07-14 14:10:00.0;0,00;
SÃO CARLOS;354890601A;SP;Jardim São Paulo;-47,87;-22,031;2019-07-14 15:10:00.0;0,00;
SÃO CARLOS;354890601A;SP;Jardim São Paulo;-47,87;-22,031;2019-07-14 16:10:00.0;0,00;
SÃO CARLOS;354890601A;SP;Jardim São Paulo;-47,87;-22,031;2019-07-14 17:10:00.0;0,00;
SÃO CARLOS;354890601A;SP;Jardim São Paulo;-47,87;-22,031;2019-07-14 18:10:00.0;0,00;
SÃO CARLOS;354890601A;SP;Jardim São Paulo;-47,87;-22,031;2019-07-14 19:10:00.0;0,00;
SÃO CARLOS;354890601A;SP;Jardim São Paulo;-47,87;-22,031;2019-07-14 20:10:00.0;0,00;
SÃO CARLOS;354890601A;SP;Jardim São Paulo;-47,87;-22,031;2019-07-14 21:10:00.0;0,00;
SÃO CARLOS;354890601A;SP;Jardim São Paulo;-47,87;-22,031;2019-07-14 22:10:00.0;0,00;
SÃO CARLOS;354890601A;SP;Jardim São Paulo;-47,87;-22,031;2019-07-14 23:10:00.0;0,00;
SÃO CARLOS;354890601A;SP;Jardim São Paulo;-47,87;-22,031;2019-07-15 00:10:00.0;0,00;
SÃO CARLOS;354890601A;SP;Jardim São Paulo;-47,87;-22,031;2019-07-15 01:10:00.0;0,00;
SÃO CARLOS;354890601A;SP;Jardim São Paulo;-47,87;-22,031;2019-07-15 02:10:00.0;0,00;
SÃO CARLOS;354890601A;SP;Jardim São Paulo;-47,87;-22,031;2019-07-15 03:10:00.0;0,00;
SÃO CARLOS;354890601A;SP;Jardim São Paulo;-47,87;-22,031;2019-07-15 04:10:00.0;0,00;
SÃO CARLOS;354890601A;SP;Jardim São Paulo;-47,87;-22,031;2019-07-15 05:10:00.0;0,00;
SÃO CARLOS;354890601A;SP;Jardim São Paulo;-47,87;-22,031;2019-07-15 06:10:00.0;0,00;
SÃO CARLOS;354890601A;SP;Jardim São Paulo;-47,87;-22,031;2019-07-15 07:10:00.0;0,00;
SÃO CARLOS;354890601A;SP;Jardim São Paulo;-47,87;-22,031;2019-07-15 08:10:00.0;0,00;
SÃO CARLOS;354890601A;SP;Jardim São Paulo;-47,87;-22,031;2019-07-15 09:10:00.0;0,00;
SÃO CARLOS;354890601A;SP;Jardim São Paulo;-47,87;-22,031;2019-07-15 10:10:00.0;0,00;
SÃO CARLOS;354890601A;SP;Jardim São Paulo;-47,87;-22,031;2019-07-15 11:10:00.0;0,00;
SÃO CARLOS;354890601A;SP;Jardim São Paulo;-47,87;-22,031;2019-07-15 12:10:00.0;0,00;
SÃO CARLOS;354890601A;SP;Jardim São Paulo;-47,87;-22,031;2019-07-15 13:10:00.0;0,00;
SÃO CARLOS;354890601A;SP;Jardim São Paulo;-47,87;-22,031;2019-07-15 14:10:00.0;0,00;
SÃO CARLOS;354890601A;SP;Jardim São Paulo;-47,87;-22,031;2019-07-15 15:10:00.0;0,00;
SÃO CARLOS;354890601A;SP;Jardim São Paulo;-47,87;-22,031;2019-07-15 16:10:00.0;0,00;
SÃO CARLOS;354890601A;SP;Jardim São Paulo;-47,87;-22,031;2019-07-15 17:10:00.0;0,00;
SÃO CARLOS;354890601A;SP;Jardim São Paulo;-47,87;-22,031;2019-07-15 18:10:00.0;0,00;
SÃO CARLOS;354890601A;SP;Jardim São Paulo;-47,87;-22,031;2019-07-16 03:30:00.0;0,40;
SÃO CARLOS;354890601A;SP;Jardim São Paulo;-47,87;-22,031;2019-07-16 04:30:00.0;0,20;
SÃO CARLOS;354890601A;SP;Jardim São Paulo;-47,87;-22,031;2019-07-16 05:30:00.0;0,40;
SÃO CARLOS;354890601A;SP;Jardim São Paulo;-47,87;-22,031;2019-07-16 05:50:00.0;0,20;
SÃO CARLOS;354890601A;SP;Jardim São Paulo;-47,87;-22,031;2019-07-16 06:40:00.0;0,20;
SÃO CARLOS;354890601A;SP;Jardim São Paulo;-47,87;-22,031;2019-07-26 13:30:00.0;0,00;
SÃO CARLOS;354890601A;SP;Jardim São Paulo;-47,87;-22,031;2019-07-26 14:10:00.0;0,00;
SÃO CARLOS;354890601A;SP;Jardim São Paulo;-47,87;-22,031;2019-07-26 15:10:00.0;0,00;
SÃO CARLOS;354890601A;SP;Jardim São Paulo;-47,87;-22,031;2019-07-26 16:10:00.0;0,00;
SÃO CARLOS;354890601A;SP;Jardim São Paulo;-47,87;-22,031;2019-07-26 17:10:00.0;0,00;
SÃO CARLOS;354890601A;SP;Jardim São Paulo;-47,87;-22,031;2019-07-26 18:10:00.0;0,00;
SÃO CARLOS;354890601A;SP;Jardim São Paulo;-47,87;-22,031;2019-07-26 19:10:00.0;0,00;
SÃO CARLOS;354890601A;SP;Jardim São Paulo;-47,87;-22,031;2019-07-26 20:10:00.0;0,00;
SÃO CARLOS;354890601A;SP;Jardim São Paulo;-47,87;-22,031;2019-07-26 21:10:00.0;0,00;
SÃO CARLOS;354890601A;SP;Jardim São Paulo;-47,87;-22,031;2019-07-26 22:10:00.0;0,00;
SÃO CARLOS;354890601A;SP;Jardim São Paulo;-47,87;-22,031;2019-07-26 23:10:00.0;0,00;
SÃO CARLOS;354890601A;SP;Jardim São Paulo;-47,87;-22,031;2019-07-27 00:10:00.0;0,00;
SÃO CARLOS;354890601A;SP;Jardim São Paulo;-47,87;-22,031;2019-07-27 01:10:00.0;0,00;
SÃO CARLOS;354890601A;SP;Jardim São Paulo;-47,87;-22,031;2019-07-27 02:10:00.0;0,00;
SÃO CARLOS;354890601A;SP;Jardim São Paulo;-47,87;-22,031;2019-07-27 03:10:00.0;0,00;
SÃO CARLOS;354890601A;SP;Jardim São Paulo;-47,87;-22,031;2019-07-27 04:10:00.0;0,00;
SÃO CARLOS;354890601A;SP;Jardim São Paulo;-47,87;-22,031;2019-07-27 05:10:00.0;0,00;
SÃO CARLOS;354890601A;SP;Jardim São Paulo;-47,87;-22,031;2019-07-27 06:10:00.0;0,00;
SÃO CARLOS;354890601A;SP;Jardim São Paulo;-47,87;-22,031;2019-07-27 07:10:00.0;0,00;
SÃO CARLOS;354890601A;SP;Jardim São Paulo;-47,87;-22,031;2019-07-27 08:10:00.0;0,00;
SÃO CARLOS;354890601A;SP;Jardim São Paulo;-47,87;-22,031;2019-07-27 09:10:00.0;0,00;
SÃO CARLOS;354890601A;SP;Jardim São Paulo;-47,87;-22,031;2019-07-27 10:10:00.0;0,00;
SÃO CARLOS;354890601A;SP;Jardim São Paulo;-47,87;-22,031;2019-07-27 11:10:00.0;0,00;
SÃO CARLOS;354890601A;SP;Jardim São Paulo;-47,87;-22,031;2019-07-27 12:10:00.0;0,00;
SÃO CARLOS;354890601A;SP;Jardim São Paulo;-47,87;-22,031;2019-07-27 13:10:00.0;0,00;
SÃO CARLOS;354890601A;SP;Jardim São Paulo;-47,87;-22,031;2019-07-27 14:10:00.0;0,00;
SÃO CARLOS;354890601A;SP;Jardim São Paulo;-47,87;-22,031;2019-07-29 11:40:00.0;0,00;
SÃO CARLOS;354890601A;SP;Jardim São Paulo;-47,87;-22,031;2019-07-29 11:50:00.0;0,00;
SÃO CARLOS;354890601A;SP;Jardim São Paulo;-47,87;-22,031;2019-07-29 12:10:00.0;0,00;
SÃO CARLOS;354890601A;SP;Jardim São Paulo;-47,87;-22,031;2019-07-29 13:10:00.0;0,00;
SÃO CARLOS;354890601A;SP;Jardim São Paulo;-47,87;-22,031;2019-07-29 14:10:00.0;0,00;
SÃO CARLOS;354890601A;SP;Jardim São Paulo;-47,87;-22,031;2019-07-29 15:10:00.0;0,00;
SÃO CARLOS;354890601A;SP;Jardim São Paulo;-47,87;-22,031;2019-07-29 16:10:00.0;0,00;
SÃO CARLOS;354890601A;SP;Jardim São Paulo;-47,87;-22,031;2019-07-29 17:10:00.0;0,00;
SÃO CARLOS;354890601A;SP;Jardim São Paulo;-47,87;-22,031;2019-07-29 18:10:00.0;0,00;
SÃO CARLOS;354890601A;SP;Jardim São Paulo;-47,87;-22,031;2019-07-29 19:10:00.0;0,00;
SÃO CARLOS;354890601A;SP;Jardim São Paulo;-47,87;-22,031;2019-07-29 20:10:00.0;0,00;
SÃO CARLOS;354890601A;SP;Jardim São Paulo;-47,87;-22,031;2019-07-29 21:10:00.0;0,00;
SÃO CARLOS;354890601A;SP;Jardim São Paulo;-47,87;-22,031;2019-07-29 22:10:00.0;0,00;
SÃO CARLOS;354890601A;SP;Jardim São Paulo;-47,87;-22,031;2019-07-29 23:10:00.0;0,00;
SÃO CARLOS;354890601A;SP;Jardim São Paulo;-47,87;-22,031;2019-07-30 00:10:00.0;0,00;
SÃO CARLOS;354890601A;SP;Jardim São Paulo;-47,87;-22,031;2019-07-30 01:10:00.0;0,00;
SÃO CARLOS;354890601A;SP;Jardim São Paulo;-47,87;-22,031;2019-07-30 02:10:00.0;0,00;
SÃO CARLOS;354890601A;SP;Jardim São Paulo;-47,87;-22,031;2019-07-30 03:10:00.0;0,00;
SÃO CARLOS;354890601A;SP;Jardim São Paulo;-47,87;-22,031;2019-07-30 04:10:00.0;0,00;
SÃO CARLOS;354890601A;SP;Jardim São Paulo;-47,87;-22,031;2019-07-30 05:10:00.0;0,00;
SÃO CARLOS;354890601A;SP;Jardim São Paulo;-47,87;-22,031;2019-07-30 06:10:00.0;0,00;
SÃO CARLOS;354890601A;SP;Jardim São Paulo;-47,87;-22,031;2019-07-30 07:10:00.0;0,00;
SÃO CARLOS;354890601A;SP;Jardim São Paulo;-47,87;-22,031;2019-07-30 08:10:00.0;0,00;
SÃO CARLOS;354890601A;SP;Jardim São Paulo;-47,87;-22,031;2019-07-30 09:10:00.0;0,00;
SÃO CARLOS;354890601A;SP;Jardim São Paulo;-47,87;-22,031;2019-07-30 10:10:00.0;0,00;
SÃO CARLOS;354890601A;SP;Jardim São Paulo;-47,87;-22,031;2019-07-30 11:10:00.0;0,00;
SÃO CARLOS;354890601A;SP;Jardim São Paulo;-47,87;-22,031;2019-07-30 12:10:00.0;0,00;
SÃO CARLOS;354890601A;SP;Jardim São Paulo;-47,87;-22,031;2019-07-30 13:10:00.0;0,00;
SÃO CARLOS;354890601A;SP;Jardim São Paulo;-47,87;-22,031;2019-07-30 14:10:00.0;0,00;
SÃO CARLOS;354890601A;SP;Jardim São Paulo;-47,87;-22,031;2019-07-30 15:10:00.0;0,00;
SÃO CARLOS;354890601A;SP;Jardim São Paulo;-47,87;-22,031;2019-07-30 16:10:00.0;0,00;
SÃO CARLOS;354890601A;SP;Jardim São Paulo;-47,87;-22,031;2019-07-30 17:10:00.0;0,00;
SÃO CARLOS;354890601A;SP;Jardim São Paulo;-47,87;-22,031;2019-07-30 18:10:00.0;0,00;
SÃO CARLOS;354890601A;SP;Jardim São Paulo;-47,87;-22,031;2019-07-30 18:50:00.0;0,20;
SÃO CARLOS;354890601A;SP;Jardim São Paulo;-47,87;-22,031;2019-07-30 19:10:00.0;0,00;
SÃO CARLOS;354890601A;SP;Jardim São Paulo;-47,87;-22,031;2019-07-30 20:10:00.0;0,00;
SÃO CARLOS;354890601A;SP;Jardim São Paulo;-47,87;-22,031;2019-07-30 21:10:00.0;0,00;
SÃO CARLOS;354890601A;SP;Jardim São Paulo;-47,87;-22,031;2019-07-30 22:10:00.0;0,00;
SÃO CARLOS;354890601A;SP;Jardim São Paulo;-47,87;-22,031;2019-07-30 23:10:00.0;0,00;
SÃO CARLOS;354890601A;SP;Jardim São Paulo;-47,87;-22,031;2019-07-31 00:10:00.0;0,00;
SÃO CARLOS;354890601A;SP;Jardim São Paulo;-47,87;-22,031;2019-07-31 01:10:00.0;0,00;
SÃO CARLOS;354890601A;SP;Jardim São Paulo;-47,87;-22,031;2019-07-31 02:10:00.0;0,00;
SÃO CARLOS;354890601A;SP;Jardim São Paulo;-47,87;-22,031;2019-07-31 03:10:00.0;0,00;
SÃO CARLOS;354890601A;SP;Jardim São Paulo;-47,87;-22,031;2019-07-31 04:10:00.0;0,00;
SÃO CARLOS;354890601A;SP;Jardim São Paulo;-47,87;-22,031;2019-07-31 05:10:00.0;0,00;
SÃO CARLOS;354890601A;SP;Jardim São Paulo;-47,87;-22,031;2019-07-31 06:10:00.0;0,00;
SÃO CARLOS;354890601A;SP;Jardim São Paulo;-47,87;-22,031;2019-07-31 07:10:00.0;0,00;
SÃO CARLOS;354890601A;SP;Jardim São Paulo;-47,87;-22,031;2019-07-31 08:10:00.0;0,00;
SÃO CARLOS;354890601A;SP;Jardim São Paulo;-47,87;-22,031;2019-07-31 09:10:00.0;0,00;
SÃO CARLOS;354890601A;SP;Jardim São Paulo;-47,87;-22,031;2019-07-31 10:10:00.0;0,00;
SÃO CARLOS;354890601A;SP;Jardim São Paulo;-47,87;-22,031;2019-07-31 11:10:00.0;0,00;
SÃO CARLOS;354890601A;SP;Jardim São Paulo;-47,87;-22,031;2019-07-31 12:10:00.0;0,00;
SÃO CARLOS;354890601A;SP;Jardim São Paulo;-47,87;-22,031;2019-07-31 13:10:00.0;0,00;
SÃO CARLOS;354890601A;SP;Jardim São Paulo;-47,87;-22,031;2019-07-31 14:10:00.0;0,00;
SÃO CARLOS;354890601A;SP;Jardim São Paulo;-47,87;-22,031;2019-07-31 15:10:00.0;0,00;
SÃO CARLOS;354890601A;SP;Jardim São Paulo;-47,87;-22,031;2019-07-31 16:10:00.0;0,00;
SÃO CARLOS;354890601A;SP;Jardim São Paulo;-47,87;-22,031;2019-07-31 17:10:00.0;0,00;
SÃO CARLOS;354890601A;SP;Jardim São Paulo;-47,87;-22,031;2019-07-31 18:10:00.0;0,00;
SÃO CARLOS;354890601A;SP;Jardim São Paulo;-47,87;-22,031;2019-07-31 19:10:00.0;0,00;
SÃO CARLOS;354890601A;SP;Jardim São Paulo;-47,87;-22,031;2019-07-31 20:10:00.0;0,00;
SÃO CARLOS;354890601A;SP;Jardim São Paulo;-47,87;-22,031;2019-07-31 21:10:00.0;0,00;
SÃO CARLOS;354890601A;SP;Jardim São Paulo;-47,87;-22,031;2019-07-31 22:10:00.0;0,00;
SÃO CARLOS;354890601A;SP;Jardim São Paulo;-47,87;-22,031;2019-07-31 23:10:00.0;0,00;
SÃO CARLOS;354890603A;SP;Agua Vermelha;-47,897;-21,898;2019-07-01 00:20:00.0;0,00;
SÃO CARLOS;354890603A;SP;Agua Vermelha;-47,897;-21,898;2019-07-01 01:20:00.0;0,00;
SÃO CARLOS;354890603A;SP;Agua Vermelha;-47,897;-21,898;2019-07-01 02:20:00.0;0,00;
SÃO CARLOS;354890603A;SP;Agua Vermelha;-47,897;-21,898;2019-07-01 03:20:00.0;0,00;
SÃO CARLOS;354890603A;SP;Agua Vermelha;-47,897;-21,898;2019-07-01 04:20:00.0;0,00;
SÃO CARLOS;354890603A;SP;Agua Vermelha;-47,897;-21,898;2019-07-01 05:20:00.0;0,00;
SÃO CARLOS;354890603A;SP;Agua Vermelha;-47,897;-21,898;2019-07-01 06:20:00.0;0,00;
SÃO CARLOS;354890603A;SP;Agua Vermelha;-47,897;-21,898;2019-07-01 07:20:00.0;0,00;
SÃO CARLOS;354890603A;SP;Agua Vermelha;-47,897;-21,898;2019-07-01 08:20:00.0;0,00;
SÃO CARLOS;354890603A;SP;Agua Vermelha;-47,897;-21,898;2019-07-01 09:20:00.0;0,00;
SÃO CARLOS;354890603A;SP;Agua Vermelha;-47,897;-21,898;2019-07-01 10:20:00.0;0,00;
SÃO CARLOS;354890603A;SP;Agua Vermelha;-47,897;-21,898;2019-07-01 11:20:00.0;0,00;
SÃO CARLOS;354890603A;SP;Agua Vermelha;-47,897;-21,898;2019-07-01 12:20:00.0;0,00;
SÃO CARLOS;354890603A;SP;Agua Vermelha;-47,897;-21,898;2019-07-01 13:20:00.0;0,00;
SÃO CARLOS;354890603A;SP;Agua Vermelha;-47,897;-21,898;2019-07-01 14:20:00.0;0,00;
SÃO CARLOS;354890603A;SP;Agua Vermelha;-47,897;-21,898;2019-07-01 15:20:00.0;0,00;
SÃO CARLOS;354890603A;SP;Agua Vermelha;-47,897;-21,898;2019-07-01 16:20:00.0;0,00;
SÃO CARLOS;354890603A;SP;Agua Vermelha;-47,897;-21,898;2019-07-01 17:20:00.0;0,00;
SÃO CARLOS;354890603A;SP;Agua Vermelha;-47,897;-21,898;2019-07-01 18:20:00.0;0,00;
SÃO CARLOS;354890603A;SP;Agua Vermelha;-47,897;-21,898;2019-07-01 19:20:00.0;0,00;
SÃO CARLOS;354890603A;SP;Agua Vermelha;-47,897;-21,898;2019-07-01 20:20:00.0;0,00;
SÃO CARLOS;354890603A;SP;Agua Vermelha;-47,897;-21,898;2019-07-01 21:20:00.0;0,00;
SÃO CARLOS;354890603A;SP;Agua Vermelha;-47,897;-21,898;2019-07-01 22:20:00.0;0,00;
SÃO CARLOS;354890603A;SP;Agua Vermelha;-47,897;-21,898;2019-07-01 23:20:00.0;0,00;
SÃO CARLOS;354890603A;SP;Agua Vermelha;-47,897;-21,898;2019-07-02 00:20:00.0;0,00;
SÃO CARLOS;354890603A;SP;Agua Vermelha;-47,897;-21,898;2019-07-02 01:20:00.0;0,00;
SÃO CARLOS;354890603A;SP;Agua Vermelha;-47,897;-21,898;2019-07-02 02:20:00.0;0,00;
SÃO CARLOS;354890603A;SP;Agua Vermelha;-47,897;-21,898;2019-07-02 03:20:00.0;0,00;
SÃO CARLOS;354890603A;SP;Agua Vermelha;-47,897;-21,898;2019-07-02 04:20:00.0;0,00;
SÃO CARLOS;354890603A;SP;Agua Vermelha;-47,897;-21,898;2019-07-02 05:20:00.0;0,00;
SÃO CARLOS;354890603A;SP;Agua Vermelha;-47,897;-21,898;2019-07-02 06:20:00.0;0,00;
SÃO CARLOS;354890603A;SP;Agua Vermelha;-47,897;-21,898;2019-07-02 07:20:00.0;0,00;
SÃO CARLOS;354890603A;SP;Agua Vermelha;-47,897;-21,898;2019-07-02 08:20:00.0;0,00;
SÃO CARLOS;354890603A;SP;Agua Vermelha;-47,897;-21,898;2019-07-02 10:20:00.0;0,00;
SÃO CARLOS;354890603A;SP;Agua Vermelha;-47,897;-21,898;2019-07-02 11:20:00.0;0,00;
SÃO CARLOS;354890603A;SP;Agua Vermelha;-47,897;-21,898;2019-07-02 12:20:00.0;0,00;
SÃO CARLOS;354890603A;SP;Agua Vermelha;-47,897;-21,898;2019-07-02 13:20:00.0;0,00;
SÃO CARLOS;354890603A;SP;Agua Vermelha;-47,897;-21,898;2019-07-02 14:20:00.0;0,00;
SÃO CARLOS;354890603A;SP;Agua Vermelha;-47,897;-21,898;2019-07-02 15:20:00.0;0,00;
SÃO CARLOS;354890603A;SP;Agua Vermelha;-47,897;-21,898;2019-07-02 16:20:00.0;0,00;
SÃO CARLOS;354890603A;SP;Agua Vermelha;-47,897;-21,898;2019-07-02 17:20:00.0;0,00;
SÃO CARLOS;354890603A;SP;Agua Vermelha;-47,897;-21,898;2019-07-02 18:20:00.0;0,00;
SÃO CARLOS;354890603A;SP;Agua Vermelha;-47,897;-21,898;2019-07-02 19:20:00.0;0,00;
SÃO CARLOS;354890603A;SP;Agua Vermelha;-47,897;-21,898;2019-07-02 20:20:00.0;0,00;
SÃO CARLOS;354890603A;SP;Agua Vermelha;-47,897;-21,898;2019-07-02 21:20:00.0;0,00;
SÃO CARLOS;354890603A;SP;Agua Vermelha;-47,897;-21,898;2019-07-02 22:20:00.0;0,00;
SÃO CARLOS;354890603A;SP;Agua Vermelha;-47,897;-21,898;2019-07-02 23:20:00.0;0,00;
SÃO CARLOS;354890603A;SP;Agua Vermelha;-47,897;-21,898;2019-07-03 00:20:00.0;0,00;
SÃO CARLOS;354890603A;SP;Agua Vermelha;-47,897;-21,898;2019-07-03 01:20:00.0;0,00;
SÃO CARLOS;354890603A;SP;Agua Vermelha;-47,897;-21,898;2019-07-03 02:20:00.0;0,00;
SÃO CARLOS;354890603A;SP;Agua Vermelha;-47,897;-21,898;2019-07-03 03:20:00.0;0,00;
SÃO CARLOS;354890603A;SP;Agua Vermelha;-47,897;-21,898;2019-07-03 04:20:00.0;0,00;
SÃO CARLOS;354890603A;SP;Agua Vermelha;-47,897;-21,898;2019-07-03 05:20:00.0;0,00;
SÃO CARLOS;354890603A;SP;Agua Vermelha;-47,897;-21,898;2019-07-03 06:20:00.0;0,00;
SÃO CARLOS;354890603A;SP;Agua Vermelha;-47,897;-21,898;2019-07-03 07:20:00.0;0,00;
SÃO CARLOS;354890603A;SP;Agua Vermelha;-47,897;-21,898;2019-07-03 08:20:00.0;0,00;
SÃO CARLOS;354890603A;SP;Agua Vermelha;-47,897;-21,898;2019-07-03 09:20:00.0;0,00;
SÃO CARLOS;354890603A;SP;Agua Vermelha;-47,897;-21,898;2019-07-03 10:20:00.0;0,00;
SÃO CARLOS;354890603A;SP;Agua Vermelha;-47,897;-21,898;2019-07-03 11:20:00.0;0,00;
SÃO CARLOS;354890603A;SP;Agua Vermelha;-47,897;-21,898;2019-07-03 12:20:00.0;0,00;
SÃO CARLOS;354890603A;SP;Agua Vermelha;-47,897;-21,898;2019-07-03 13:20:00.0;0,00;
SÃO CARLOS;354890603A;SP;Agua Vermelha;-47,897;-21,898;2019-07-03 14:20:00.0;0,00;
SÃO CARLOS;354890603A;SP;Agua Vermelha;-47,897;-21,898;2019-07-03 15:20:00.0;0,00;
SÃO CARLOS;354890603A;SP;Agua Vermelha;-47,897;-21,898;2019-07-03 16:20:00.0;0,00;
SÃO CARLOS;354890603A;SP;Agua Vermelha;-47,897;-21,898;2019-07-03 17:20:00.0;0,00;
SÃO CARLOS;354890603A;SP;Agua Vermelha;-47,897;-21,898;2019-07-03 18:20:00.0;0,00;
SÃO CARLOS;354890603A;SP;Agua Vermelha;-47,897;-21,898;2019-07-03 19:20:00.0;0,00;
SÃO CARLOS;354890603A;SP;Agua Vermelha;-47,897;-21,898;2019-07-03 20:20:00.0;0,00;
SÃO CARLOS;354890603A;SP;Agua Vermelha;-47,897;-21,898;2019-07-03 21:20:00.0;0,00;
SÃO CARLOS;354890603A;SP;Agua Vermelha;-47,897;-21,898;2019-07-03 22:20:00.0;0,00;
SÃO CARLOS;354890603A;SP;Agua Vermelha;-47,897;-21,898;2019-07-03 23:20:00.0;0,00;
SÃO CARLOS;354890603A;SP;Agua Vermelha;-47,897;-21,898;2019-07-04 00:20:00.0;0,00;
SÃO CARLOS;354890603A;SP;Agua Vermelha;-47,897;-21,898;2019-07-04 01:20:00.0;0,00;
SÃO CARLOS;354890603A;SP;Agua Vermelha;-47,897;-21,898;2019-07-04 02:20:00.0;0,00;
SÃO CARLOS;354890603A;SP;Agua Vermelha;-47,897;-21,898;2019-07-04 03:20:00.0;0,00;
SÃO CARLOS;354890603A;SP;Agua Vermelha;-47,897;-21,898;2019-07-04 04:20:00.0;0,00;
SÃO CARLOS;354890603A;SP;Agua Vermelha;-47,897;-21,898;2019-07-04 05:20:00.0;0,00;
SÃO CARLOS;354890603A;SP;Agua Vermelha;-47,897;-21,898;2019-07-04 06:20:00.0;0,00;
SÃO CARLOS;354890603A;SP;Agua Vermelha;-47,897;-21,898;2019-07-04 07:20:00.0;0,00;
SÃO CARLOS;354890603A;SP;Agua Vermelha;-47,897;-21,898;2019-07-04 08:20:00.0;0,00;
SÃO CARLOS;354890603A;SP;Agua Vermelha;-47,897;-21,898;2019-07-04 09:20:00.0;0,00;
SÃO CARLOS;354890603A;SP;Agua Vermelha;-47,897;-21,898;2019-07-04 10:20:00.0;0,00;
SÃO CARLOS;354890603A;SP;Agua Vermelha;-47,897;-21,898;2019-07-04 11:20:00.0;0,00;
SÃO CARLOS;354890603A;SP;Agua Vermelha;-47,897;-21,898;2019-07-04 12:20:00.0;0,00;
SÃO CARLOS;354890603A;SP;Agua Vermelha;-47,897;-21,898;2019-07-04 13:20:00.0;0,00;
SÃO CARLOS;354890603A;SP;Agua Vermelha;-47,897;-21,898;2019-07-04 14:20:00.0;0,00;
SÃO CARLOS;354890603A;SP;Agua Vermelha;-47,897;-21,898;2019-07-04 15:20:00.0;0,00;
SÃO CARLOS;354890603A;SP;Agua Vermelha;-47,897;-21,898;2019-07-04 16:20:00.0;0,00;
SÃO CARLOS;354890603A;SP;Agua Vermelha;-47,897;-21,898;2019-07-04 17:20:00.0;0,00;
SÃO CARLOS;354890603A;SP;Agua Vermelha;-47,897;-21,898;2019-07-04 18:20:00.0;0,00;
SÃO CARLOS;354890603A;SP;Agua Vermelha;-47,897;-21,898;2019-07-04 19:20:00.0;0,00;
SÃO CARLOS;354890603A;SP;Agua Vermelha;-47,897;-21,898;2019-07-04 20:20:00.0;0,00;
SÃO CARLOS;354890603A;SP;Agua Vermelha;-47,897;-21,898;2019-07-04 21:20:00.0;0,00;
SÃO CARLOS;354890603A;SP;Agua Vermelha;-47,897;-21,898;2019-07-04 22:00:00.0;0,40;
SÃO CARLOS;354890603A;SP;Agua Vermelha;-47,897;-21,898;2019-07-04 22:20:00.0;0,20;
SÃO CARLOS;354890603A;SP;Agua Vermelha;-47,897;-21,898;2019-07-04 23:00:00.0;0,20;
SÃO CARLOS;354890603A;SP;Agua Vermelha;-47,897;-21,898;2019-07-04 23:20:00.0;0,20;
SÃO CARLOS;354890603A;SP;Agua Vermelha;-47,897;-21,898;2019-07-04 23:30:00.0;0,20;
SÃO CARLOS;354890603A;SP;Agua Vermelha;-47,897;-21,898;2019-07-04 23:40:00.0;0,40;
SÃO CARLOS;354890603A;SP;Agua Vermelha;-47,897;-21,898;2019-07-05 00:00:00.0;0,20;
SÃO CARLOS;354890603A;SP;Agua Vermelha;-47,897;-21,898;2019-07-05 00:20:00.0;0,40;
SÃO CARLOS;354890603A;SP;Agua Vermelha;-47,897;-21,898;2019-07-05 00:30:00.0;0,20;
SÃO CARLOS;354890603A;SP;Agua Vermelha;-47,897;-21,898;2019-07-05 00:40:00.0;0,20;
SÃO CARLOS;354890603A;SP;Agua Vermelha;-47,897;-21,898;2019-07-05 00:50:00.0;0,20;
SÃO CARLOS;354890603A;SP;Agua Vermelha;-47,897;-21,898;2019-07-05 01:00:00.0;0,20;
SÃO CARLOS;354890603A;SP;Agua Vermelha;-47,897;-21,898;2019-07-05 01:20:00.0;0,20;
SÃO CARLOS;354890603A;SP;Agua Vermelha;-47,897;-21,898;2019-07-05 01:40:00.0;0,20;
SÃO CARLOS;354890603A;SP;Agua Vermelha;-47,897;-21,898;2019-07-05 02:00:00.0;0,60;
SÃO CARLOS;354890603A;SP;Agua Vermelha;-47,897;-21,898;2019-07-05 02:10:00.0;0,40;
SÃO CARLOS;354890603A;SP;Agua Vermelha;-47,897;-21,898;2019-07-05 02:20:00.0;0,20;
SÃO CARLOS;354890603A;SP;Agua Vermelha;-47,897;-21,898;2019-07-05 02:40:00.0;0,80;
SÃO CARLOS;354890603A;SP;Agua Vermelha;-47,897;-21,898;2019-07-05 02:50:00.0;0,60;
SÃO CARLOS;354890603A;SP;Agua Vermelha;-47,897;-21,898;2019-07-05 03:00:00.0;0,80;
SÃO CARLOS;354890603A;SP;Agua Vermelha;-47,897;-21,898;2019-07-05 03:10:00.0;0,60;
SÃO CARLOS;354890603A;SP;Agua Vermelha;-47,897;-21,898;2019-07-05 03:20:00.0;0,20;
SÃO CARLOS;354890603A;SP;Agua Vermelha;-47,897;-21,898;2019-07-05 03:30:00.0;0,40;
SÃO CARLOS;354890603A;SP;Agua Vermelha;-47,897;-21,898;2019-07-05 03:40:00.0;0,80;
SÃO CARLOS;354890603A;SP;Agua Vermelha;-47,897;-21,898;2019-07-05 03:50:00.0;0,20;
SÃO CARLOS;354890603A;SP;Agua Vermelha;-47,897;-21,898;2019-07-05 04:00:00.0;0,40;
SÃO CARLOS;354890603A;SP;Agua Vermelha;-47,897;-21,898;2019-07-05 04:10:00.0;0,20;
SÃO CARLOS;354890603A;SP;Agua Vermelha;-47,897;-21,898;2019-07-05 04:20:00.0;0,20;
SÃO CARLOS;354890603A;SP;Agua Vermelha;-47,897;-21,898;2019-07-05 04:30:00.0;0,20;
SÃO CARLOS;354890603A;SP;Agua Vermelha;-47,897;-21,898;2019-07-05 04:40:00.0;0,40;
SÃO CARLOS;354890603A;SP;Agua Vermelha;-47,897;-21,898;2019-07-05 04:50:00.0;0,20;
SÃO CARLOS;354890603A;SP;Agua Vermelha;-47,897;-21,898;2019-07-05 05:20:00.0;0,80;
SÃO CARLOS;354890603A;SP;Agua Vermelha;-47,897;-21,898;2019-07-05 05:40:00.0;0,80;
SÃO CARLOS;354890603A;SP;Agua Vermelha;-47,897;-21,898;2019-07-05 05:50:00.0;0,60;
SÃO CARLOS;354890603A;SP;Agua Vermelha;-47,897;-21,898;2019-07-05 06:00:00.0;5,00;
SÃO CARLOS;354890603A;SP;Agua Vermelha;-47,897;-21,898;2019-07-05 06:10:00.0;3,80;
SÃO CARLOS;354890603A;SP;Agua Vermelha;-47,897;-21,898;2019-07-05 06:20:00.0;2,20;
SÃO CARLOS;354890603A;SP;Agua Vermelha;-47,897;-21,898;2019-07-05 06:30:00.0;1,80;
SÃO CARLOS;354890603A;SP;Agua Vermelha;-47,897;-21,898;2019-07-05 06:40:00.0;1,40;
SÃO CARLOS;354890603A;SP;Agua Vermelha;-47,897;-21,898;2019-07-05 06:50:00.0;1,60;
SÃO CARLOS;354890603A;SP;Agua Vermelha;-47,897;-21,898;2019-07-05 07:00:00.0;0,60;
SÃO CARLOS;354890603A;SP;Agua Vermelha;-47,897;-21,898;2019-07-05 07:10:00.0;0,20;
SÃO CARLOS;354890603A;SP;Agua Vermelha;-47,897;-21,898;2019-07-05 07:20:00.0;0,40;
SÃO CARLOS;354890603A;SP;Agua Vermelha;-47,897;-21,898;2019-07-05 07:30:00.0;0,80;
SÃO CARLOS;354890603A;SP;Agua Vermelha;-47,897;-21,898;2019-07-05 07:40:00.0;0,40;
SÃO CARLOS;354890603A;SP;Agua Vermelha;-47,897;-21,898;2019-07-05 07:50:00.0;0,40;
SÃO CARLOS;354890603A;SP;Agua Vermelha;-47,897;-21,898;2019-07-05 08:00:00.0;0,40;
SÃO CARLOS;354890603A;SP;Agua Vermelha;-47,897;-21,898;2019-07-05 08:10:00.0;0,60;
SÃO CARLOS;354890603A;SP;Agua Vermelha;-47,897;-21,898;2019-07-05 08:20:00.0;0,60;
SÃO CARLOS;354890603A;SP;Agua Vermelha;-47,897;-21,898;2019-07-05 08:30:00.0;1,00;
SÃO CARLOS;354890603A;SP;Agua Vermelha;-47,897;-21,898;2019-07-05 08:40:00.0;0,40;
SÃO CARLOS;354890603A;SP;Agua Vermelha;-47,897;-21,898;2019-07-05 08:50:00.0;0,20;
SÃO CARLOS;354890603A;SP;Agua Vermelha;-47,897;-21,898;2019-07-05 09:00:00.0;1,00;
SÃO CARLOS;354890603A;SP;Agua Vermelha;-47,897;-21,898;2019-07-05 09:10:00.0;0,40;
SÃO CARLOS;354890603A;SP;Agua Vermelha;-47,897;-21,898;2019-07-05 09:20:00.0;0,00;
SÃO CARLOS;354890603A;SP;Agua Vermelha;-47,897;-21,898;2019-07-05 09:30:00.0;0,40;
SÃO CARLOS;354890603A;SP;Agua Vermelha;-47,897;-21,898;2019-07-05 09:40:00.0;0,20;
SÃO CARLOS;354890603A;SP;Agua Vermelha;-47,897;-21,898;2019-07-05 10:10:00.0;0,60;
SÃO CARLOS;354890603A;SP;Agua Vermelha;-47,897;-21,898;2019-07-05 10:20:00.0;0,20;
SÃO CARLOS;354890603A;SP;Agua Vermelha;-47,897;-21,898;2019-07-05 10:50:00.0;0,80;
SÃO CARLOS;354890603A;SP;Agua Vermelha;-47,897;-21,898;2019-07-05 11:00:00.0;1,00;
SÃO CARLOS;354890603A;SP;Agua Vermelha;-47,897;-21,898;2019-07-05 11:20:00.0;0,40;
SÃO CARLOS;354890603A;SP;Agua Vermelha;-47,897;-21,898;2019-07-05 11:30:00.0;0,40;
SÃO CARLOS;354890603A;SP;Agua Vermelha;-47,897;-21,898;2019-07-05 12:20:00.0;0,00;
SÃO CARLOS;354890603A;SP;Agua Vermelha;-47,897;-21,898;2019-07-05 13:20:00.0;0,00;
SÃO CARLOS;354890603A;SP;Agua Vermelha;-47,897;-21,898;2019-07-05 14:20:00.0;0,00;
SÃO CARLOS;354890603A;SP;Agua Vermelha;-47,897;-21,898;2019-07-05 15:20:00.0;0,00;
SÃO CARLOS;354890603A;SP;Agua Vermelha;-47,897;-21,898;2019-07-05 15:50:00.0;0,20;
SÃO CARLOS;354890603A;SP;Agua Vermelha;-47,897;-21,898;2019-07-05 16:20:00.0;0,00;
SÃO CARLOS;354890603A;SP;Agua Vermelha;-47,897;-21,898;2019-07-05 17:00:00.0;0,80;
SÃO CARLOS;354890603A;SP;Agua Vermelha;-47,897;-21,898;2019-07-05 17:10:00.0;0,20;
SÃO CARLOS;354890603A;SP;Agua Vermelha;-47,897;-21,898;2019-07-05 17:20:00.0;0,20;
SÃO CARLOS;354890603A;SP;Agua Vermelha;-47,897;-21,898;2019-07-05 18:00:00.0;0,20;
SÃO CARLOS;354890603A;SP;Agua Vermelha;-47,897;-21,898;2019-07-05 18:20:00.0;0,00;
SÃO CARLOS;354890603A;SP;Agua Vermelha;-47,897;-21,898;2019-07-05 19:20:00.0;0,00;
SÃO CARLOS;354890603A;SP;Agua Vermelha;-47,897;-21,898;2019-07-05 20:20:00.0;0,00;
SÃO CARLOS;354890603A;SP;Agua Vermelha;-47,897;-21,898;2019-07-05 21:20:00.0;0,00;
SÃO CARLOS;354890603A;SP;Agua Vermelha;-47,897;-21,898;2019-07-05 22:20:00.0;0,00;
SÃO CARLOS;354890603A;SP;Agua Vermelha;-47,897;-21,898;2019-07-05 23:20:00.0;0,00;
SÃO CARLOS;354890603A;SP;Agua Vermelha;-47,897;-21,898;2019-07-06 00:20:00.0;0,00;
SÃO CARLOS;354890603A;SP;Agua Vermelha;-47,897;-21,898;2019-07-06 01:20:00.0;0,00;
SÃO CARLOS;354890603A;SP;Agua Vermelha;-47,897;-21,898;2019-07-06 02:20:00.0;0,00;
SÃO CARLOS;354890603A;SP;Agua Vermelha;-47,897;-21,898;2019-07-06 03:20:00.0;0,00;
SÃO CARLOS;354890603A;SP;Agua Vermelha;-47,897;-21,898;2019-07-06 04:20:00.0;0,00;
SÃO CARLOS;354890603A;SP;Agua Vermelha;-47,897;-21,898;2019-07-06 05:20:00.0;0,00;
SÃO CARLOS;354890603A;SP;Agua Vermelha;-47,897;-21,898;2019-07-06 06:20:00.0;0,00;
SÃO CARLOS;354890603A;SP;Agua Vermelha;-47,897;-21,898;2019-07-06 07:20:00.0;0,00;
SÃO CARLOS;354890603A;SP;Agua Vermelha;-47,897;-21,898;2019-07-06 08:20:00.0;0,00;
SÃO CARLOS;354890603A;SP;Agua Vermelha;-47,897;-21,898;2019-07-06 09:20:00.0;0,00;
SÃO CARLOS;354890603A;SP;Agua Vermelha;-47,897;-21,898;2019-07-06 10:20:00.0;0,00;
SÃO CARLOS;354890603A;SP;Agua Vermelha;-47,897;-21,898;2019-07-06 11:20:00.0;0,00;
SÃO CARLOS;354890603A;SP;Agua Vermelha;-47,897;-21,898;2019-07-06 12:20:00.0;0,00;
SÃO CARLOS;354890603A;SP;Agua Vermelha;-47,897;-21,898;2019-07-06 13:20:00.0;0,00;
SÃO CARLOS;354890603A;SP;Agua Vermelha;-47,897;-21,898;2019-07-06 14:20:00.0;0,00;
SÃO CARLOS;354890603A;SP;Agua Vermelha;-47,897;-21,898;2019-07-06 15:20:00.0;0,00;
SÃO CARLOS;354890603A;SP;Agua Vermelha;-47,897;-21,898;2019-07-06 15:40:00.0;0,20;
SÃO CARLOS;354890603A;SP;Agua Vermelha;-47,897;-21,898;2019-07-06 16:20:00.0;0,00;
SÃO CARLOS;354890603A;SP;Agua Vermelha;-47,897;-21,898;2019-07-06 17:20:00.0;0,00;
SÃO CARLOS;354890603A;SP;Agua Vermelha;-47,897;-21,898;2019-07-06 18:20:00.0;0,00;
SÃO CARLOS;354890603A;SP;Agua Vermelha;-47,897;-21,898;2019-07-06 19:20:00.0;0,00;
SÃO CARLOS;354890603A;SP;Agua Vermelha;-47,897;-21,898;2019-07-06 20:20:00.0;0,00;
SÃO CARLOS;354890603A;SP;Agua Vermelha;-47,897;-21,898;2019-07-06 21:20:00.0;0,00;
SÃO CARLOS;354890603A;SP;Agua Vermelha;-47,897;-21,898;2019-07-06 22:20:00.0;0,00;
SÃO CARLOS;354890603A;SP;Agua Vermelha;-47,897;-21,898;2019-07-06 23:20:00.0;0,00;
SÃO CARLOS;354890603A;SP;Agua Vermelha;-47,897;-21,898;2019-07-07 00:20:00.0;0,00;
SÃO CARLOS;354890603A;SP;Agua Vermelha;-47,897;-21,898;2019-07-07 01:20:00.0;0,00;
SÃO CARLOS;354890603A;SP;Agua Vermelha;-47,897;-21,898;2019-07-07 02:20:00.0;0,00;
SÃO CARLOS;354890603A;SP;Agua Vermelha;-47,897;-21,898;2019-07-07 03:20:00.0;0,00;
SÃO CARLOS;354890603A;SP;Agua Vermelha;-47,897;-21,898;2019-07-07 04:20:00.0;0,00;
SÃO CARLOS;354890603A;SP;Agua Vermelha;-47,897;-21,898;2019-07-07 05:20:00.0;0,00;
SÃO CARLOS;354890603A;SP;Agua Vermelha;-47,897;-21,898;2019-07-07 06:20:00.0;0,00;
SÃO CARLOS;354890603A;SP;Agua Vermelha;-47,897;-21,898;2019-07-07 07:20:00.0;0,00;
SÃO CARLOS;354890603A;SP;Agua Vermelha;-47,897;-21,898;2019-07-07 08:20:00.0;0,00;
SÃO CARLOS;354890603A;SP;Agua Vermelha;-47,897;-21,898;2019-07-07 09:20:00.0;0,00;
SÃO CARLOS;354890603A;SP;Agua Vermelha;-47,897;-21,898;2019-07-07 10:20:00.0;0,00;
SÃO CARLOS;354890603A;SP;Agua Vermelha;-47,897;-21,898;2019-07-07 11:20:00.0;0,00;
SÃO CARLOS;354890603A;SP;Agua Vermelha;-47,897;-21,898;2019-07-07 12:20:00.0;0,00;
SÃO CARLOS;354890603A;SP;Agua Vermelha;-47,897;-21,898;2019-07-07 13:20:00.0;0,00;
SÃO CARLOS;354890603A;SP;Agua Vermelha;-47,897;-21,898;2019-07-07 14:20:00.0;0,00;
SÃO CARLOS;354890603A;SP;Agua Vermelha;-47,897;-21,898;2019-07-07 15:20:00.0;0,00;
SÃO CARLOS;354890603A;SP;Agua Vermelha;-47,897;-21,898;2019-07-07 16:20:00.0;0,00;
SÃO CARLOS;354890603A;SP;Agua Vermelha;-47,897;-21,898;2019-07-07 17:20:00.0;0,00;
SÃO CARLOS;354890603A;SP;Agua Vermelha;-47,897;-21,898;2019-07-07 18:20:00.0;0,00;
SÃO CARLOS;354890603A;SP;Agua Vermelha;-47,897;-21,898;2019-07-07 19:20:00.0;0,00;
SÃO CARLOS;354890603A;SP;Agua Vermelha;-47,897;-21,898;2019-07-07 20:20:00.0;0,00;
SÃO CARLOS;354890603A;SP;Agua Vermelha;-47,897;-21,898;2019-07-07 21:20:00.0;0,00;
SÃO CARLOS;354890603A;SP;Agua Vermelha;-47,897;-21,898;2019-07-07 22:20:00.0;0,00;
SÃO CARLOS;354890603A;SP;Agua Vermelha;-47,897;-21,898;2019-07-07 23:20:00.0;0,00;
SÃO CARLOS;354890603A;SP;Agua Vermelha;-47,897;-21,898;2019-07-08 00:20:00.0;0,00;
SÃO CARLOS;354890603A;SP;Agua Vermelha;-47,897;-21,898;2019-07-08 01:20:00.0;0,00;
SÃO CARLOS;354890603A;SP;Agua Vermelha;-47,897;-21,898;2019-07-08 02:20:00.0;0,00;
SÃO CARLOS;354890603A;SP;Agua Vermelha;-47,897;-21,898;2019-07-08 03:20:00.0;0,00;
SÃO CARLOS;354890603A;SP;Agua Vermelha;-47,897;-21,898;2019-07-08 04:20:00.0;0,00;
SÃO CARLOS;354890603A;SP;Agua Vermelha;-47,897;-21,898;2019-07-08 05:20:00.0;0,00;
SÃO CARLOS;354890603A;SP;Agua Vermelha;-47,897;-21,898;2019-07-08 06:20:00.0;0,00;
SÃO CARLOS;354890603A;SP;Agua Vermelha;-47,897;-21,898;2019-07-08 07:20:00.0;0,00;
SÃO CARLOS;354890603A;SP;Agua Vermelha;-47,897;-21,898;2019-07-08 08:20:00.0;0,00;
SÃO CARLOS;354890603A;SP;Agua Vermelha;-47,897;-21,898;2019-07-08 09:20:00.0;0,00;
SÃO CARLOS;354890603A;SP;Agua Vermelha;-47,897;-21,898;2019-07-08 10:20:00.0;0,00;
SÃO CARLOS;354890603A;SP;Agua Vermelha;-47,897;-21,898;2019-07-08 11:20:00.0;0,00;
SÃO CARLOS;354890603A;SP;Agua Vermelha;-47,897;-21,898;2019-07-08 12:20:00.0;0,00;
SÃO CARLOS;354890603A;SP;Agua Vermelha;-47,897;-21,898;2019-07-08 13:20:00.0;0,00;
SÃO CARLOS;354890603A;SP;Agua Vermelha;-47,897;-21,898;2019-07-08 14:20:00.0;0,00;
SÃO CARLOS;354890603A;SP;Agua Vermelha;-47,897;-21,898;2019-07-08 15:20:00.0;0,00;
SÃO CARLOS;354890603A;SP;Agua Vermelha;-47,897;-21,898;2019-07-08 16:20:00.0;0,00;
SÃO CARLOS;354890603A;SP;Agua Vermelha;-47,897;-21,898;2019-07-08 17:20:00.0;0,00;
SÃO CARLOS;354890603A;SP;Agua Vermelha;-47,897;-21,898;2019-07-08 18:20:00.0;0,00;
SÃO CARLOS;354890603A;SP;Agua Vermelha;-47,897;-21,898;2019-07-08 19:20:00.0;0,00;
SÃO CARLOS;354890603A;SP;Agua Vermelha;-47,897;-21,898;2019-07-08 20:20:00.0;0,00;
SÃO CARLOS;354890603A;SP;Agua Vermelha;-47,897;-21,898;2019-07-08 21:20:00.0;0,00;
SÃO CARLOS;354890603A;SP;Agua Vermelha;-47,897;-21,898;2019-07-08 22:20:00.0;0,00;
SÃO CARLOS;354890603A;SP;Agua Vermelha;-47,897;-21,898;2019-07-08 23:20:00.0;0,00;
SÃO CARLOS;354890603A;SP;Agua Vermelha;-47,897;-21,898;2019-07-09 00:20:00.0;0,00;
SÃO CARLOS;354890603A;SP;Agua Vermelha;-47,897;-21,898;2019-07-09 01:20:00.0;0,00;
SÃO CARLOS;354890603A;SP;Agua Vermelha;-47,897;-21,898;2019-07-09 02:20:00.0;0,00;
SÃO CARLOS;354890603A;SP;Agua Vermelha;-47,897;-21,898;2019-07-09 03:20:00.0;0,00;
SÃO CARLOS;354890603A;SP;Agua Vermelha;-47,897;-21,898;2019-07-09 04:20:00.0;0,00;
SÃO CARLOS;354890603A;SP;Agua Vermelha;-47,897;-21,898;2019-07-09 05:20:00.0;0,00;
SÃO CARLOS;354890603A;SP;Agua Vermelha;-47,897;-21,898;2019-07-09 06:20:00.0;0,00;
SÃO CARLOS;354890603A;SP;Agua Vermelha;-47,897;-21,898;2019-07-09 07:20:00.0;0,00;
SÃO CARLOS;354890603A;SP;Agua Vermelha;-47,897;-21,898;2019-07-09 08:20:00.0;0,00;
SÃO CARLOS;354890603A;SP;Agua Vermelha;-47,897;-21,898;2019-07-09 09:20:00.0;0,00;
SÃO CARLOS;354890603A;SP;Agua Vermelha;-47,897;-21,898;2019-07-09 10:20:00.0;0,00;
SÃO CARLOS;354890603A;SP;Agua Vermelha;-47,897;-21,898;2019-07-09 11:20:00.0;0,00;
SÃO CARLOS;354890603A;SP;Agua Vermelha;-47,897;-21,898;2019-07-09 12:20:00.0;0,00;
SÃO CARLOS;354890603A;SP;Agua Vermelha;-47,897;-21,898;2019-07-09 13:20:00.0;0,00;
SÃO CARLOS;354890603A;SP;Agua Vermelha;-47,897;-21,898;2019-07-09 14:20:00.0;0,00;
SÃO CARLOS;354890603A;SP;Agua Vermelha;-47,897;-21,898;2019-07-09 15:20:00.0;0,00;
SÃO CARLOS;354890603A;SP;Agua Vermelha;-47,897;-21,898;2019-07-09 16:20:00.0;0,00;
SÃO CARLOS;354890603A;SP;Agua Vermelha;-47,897;-21,898;2019-07-09 17:20:00.0;0,00;
SÃO CARLOS;354890603A;SP;Agua Vermelha;-47,897;-21,898;2019-07-09 18:20:00.0;0,00;
SÃO CARLOS;354890603A;SP;Agua Vermelha;-47,897;-21,898;2019-07-09 19:20:00.0;0,00;
SÃO CARLOS;354890603A;SP;Agua Vermelha;-47,897;-21,898;2019-07-09 20:20:00.0;0,00;
SÃO CARLOS;354890603A;SP;Agua Vermelha;-47,897;-21,898;2019-07-09 21:20:00.0;0,00;
SÃO CARLOS;354890603A;SP;Agua Vermelha;-47,897;-21,898;2019-07-09 22:20:00.0;0,00;
SÃO CARLOS;354890603A;SP;Agua Vermelha;-47,897;-21,898;2019-07-09 23:20:00.0;0,00;
SÃO CARLOS;354890603A;SP;Agua Vermelha;-47,897;-21,898;2019-07-10 00:20:00.0;0,00;
SÃO CARLOS;354890603A;SP;Agua Vermelha;-47,897;-21,898;2019-07-10 01:20:00.0;0,00;
SÃO CARLOS;354890603A;SP;Agua Vermelha;-47,897;-21,898;2019-07-10 02:20:00.0;0,00;
SÃO CARLOS;354890603A;SP;Agua Vermelha;-47,897;-21,898;2019-07-10 03:20:00.0;0,00;
SÃO CARLOS;354890603A;SP;Agua Vermelha;-47,897;-21,898;2019-07-10 04:20:00.0;0,00;
SÃO CARLOS;354890603A;SP;Agua Vermelha;-47,897;-21,898;2019-07-10 05:20:00.0;0,00;
SÃO CARLOS;354890603A;SP;Agua Vermelha;-47,897;-21,898;2019-07-10 06:20:00.0;0,00;
SÃO CARLOS;354890603A;SP;Agua Vermelha;-47,897;-21,898;2019-07-10 07:20:00.0;0,00;
SÃO CARLOS;354890603A;SP;Agua Vermelha;-47,897;-21,898;2019-07-10 08:20:00.0;0,00;
SÃO CARLOS;354890603A;SP;Agua Vermelha;-47,897;-21,898;2019-07-10 09:20:00.0;0,00;
SÃO CARLOS;354890603A;SP;Agua Vermelha;-47,897;-21,898;2019-07-10 10:20:00.0;0,00;
SÃO CARLOS;354890603A;SP;Agua Vermelha;-47,897;-21,898;2019-07-10 11:20:00.0;0,00;
SÃO CARLOS;354890603A;SP;Agua Vermelha;-47,897;-21,898;2019-07-10 12:20:00.0;0,00;
SÃO CARLOS;354890603A;SP;Agua Vermelha;-47,897;-21,898;2019-07-10 13:20:00.0;0,00;
SÃO CARLOS;354890603A;SP;Agua Vermelha;-47,897;-21,898;2019-07-10 14:20:00.0;0,00;
SÃO CARLOS;354890603A;SP;Agua Vermelha;-47,897;-21,898;2019-07-10 15:20:00.0;0,00;
SÃO CARLOS;354890603A;SP;Agua Vermelha;-47,897;-21,898;2019-07-10 16:20:00.0;0,00;
SÃO CARLOS;354890603A;SP;Agua Vermelha;-47,897;-21,898;2019-07-10 17:20:00.0;0,00;
SÃO CARLOS;354890603A;SP;Agua Vermelha;-47,897;-21,898;2019-07-10 18:20:00.0;0,00;
SÃO CARLOS;354890603A;SP;Agua Vermelha;-47,897;-21,898;2019-07-10 19:20:00.0;0,00;
SÃO CARLOS;354890603A;SP;Agua Vermelha;-47,897;-21,898;2019-07-10 20:20:00.0;0,00;
SÃO CARLOS;354890603A;SP;Agua Vermelha;-47,897;-21,898;2019-07-10 21:20:00.0;0,00;
SÃO CARLOS;354890603A;SP;Agua Vermelha;-47,897;-21,898;2019-07-10 22:20:00.0;0,00;
SÃO CARLOS;354890603A;SP;Agua Vermelha;-47,897;-21,898;2019-07-10 23:20:00.0;0,00;
SÃO CARLOS;354890603A;SP;Agua Vermelha;-47,897;-21,898;2019-07-11 00:20:00.0;0,00;
SÃO CARLOS;354890603A;SP;Agua Vermelha;-47,897;-21,898;2019-07-11 01:20:00.0;0,00;
SÃO CARLOS;354890603A;SP;Agua Vermelha;-47,897;-21,898;2019-07-11 02:20:00.0;0,00;
SÃO CARLOS;354890603A;SP;Agua Vermelha;-47,897;-21,898;2019-07-11 03:20:00.0;0,00;
SÃO CARLOS;354890603A;SP;Agua Vermelha;-47,897;-21,898;2019-07-11 04:20:00.0;0,00;
SÃO CARLOS;354890603A;SP;Agua Vermelha;-47,897;-21,898;2019-07-11 05:20:00.0;0,00;
SÃO CARLOS;354890603A;SP;Agua Vermelha;-47,897;-21,898;2019-07-11 06:20:00.0;0,00;
SÃO CARLOS;354890603A;SP;Agua Vermelha;-47,897;-21,898;2019-07-11 07:20:00.0;0,00;
SÃO CARLOS;354890603A;SP;Agua Vermelha;-47,897;-21,898;2019-07-11 08:20:00.0;0,00;
SÃO CARLOS;354890603A;SP;Agua Vermelha;-47,897;-21,898;2019-07-11 09:20:00.0;0,00;
SÃO CARLOS;354890603A;SP;Agua Vermelha;-47,897;-21,898;2019-07-11 10:20:00.0;0,00;
SÃO CARLOS;354890603A;SP;Agua Vermelha;-47,897;-21,898;2019-07-11 11:20:00.0;0,00;
SÃO CARLOS;354890603A;SP;Agua Vermelha;-47,897;-21,898;2019-07-11 12:20:00.0;0,00;
SÃO CARLOS;354890603A;SP;Agua Vermelha;-47,897;-21,898;2019-07-11 13:20:00.0;0,00;
SÃO CARLOS;354890603A;SP;Agua Vermelha;-47,897;-21,898;2019-07-11 14:20:00.0;0,00;
SÃO CARLOS;354890603A;SP;Agua Vermelha;-47,897;-21,898;2019-07-11 15:20:00.0;0,00;
SÃO CARLOS;354890603A;SP;Agua Vermelha;-47,897;-21,898;2019-07-11 16:20:00.0;0,00;
SÃO CARLOS;354890603A;SP;Agua Vermelha;-47,897;-21,898;2019-07-11 17:20:00.0;0,00;
SÃO CARLOS;354890603A;SP;Agua Vermelha;-47,897;-21,898;2019-07-11 19:30:00.0;0,00;
SÃO CARLOS;354890603A;SP;Agua Vermelha;-47,897;-21,898;2019-07-11 20:20:00.0;0,00;
SÃO CARLOS;354890603A;SP;Agua Vermelha;-47,897;-21,898;2019-07-11 21:20:00.0;0,00;
SÃO CARLOS;354890603A;SP;Agua Vermelha;-47,897;-21,898;2019-07-11 22:20:00.0;0,00;
SÃO CARLOS;354890603A;SP;Agua Vermelha;-47,897;-21,898;2019-07-11 23:20:00.0;0,00;
SÃO CARLOS;354890603A;SP;Agua Vermelha;-47,897;-21,898;2019-07-12 00:20:00.0;0,00;
SÃO CARLOS;354890603A;SP;Agua Vermelha;-47,897;-21,898;2019-07-12 01:20:00.0;0,00;
SÃO CARLOS;354890603A;SP;Agua Vermelha;-47,897;-21,898;2019-07-12 02:20:00.0;0,00;
SÃO CARLOS;354890603A;SP;Agua Vermelha;-47,897;-21,898;2019-07-12 03:20:00.0;0,00;
SÃO CARLOS;354890603A;SP;Agua Vermelha;-47,897;-21,898;2019-07-12 04:20:00.0;0,00;
SÃO CARLOS;354890603A;SP;Agua Vermelha;-47,897;-21,898;2019-07-12 05:20:00.0;0,00;
SÃO CARLOS;354890603A;SP;Agua Vermelha;-47,897;-21,898;2019-07-12 06:20:00.0;0,00;
SÃO CARLOS;354890603A;SP;Agua Vermelha;-47,897;-21,898;2019-07-12 07:20:00.0;0,00;
SÃO CARLOS;354890603A;SP;Agua Vermelha;-47,897;-21,898;2019-07-12 08:20:00.0;0,00;
SÃO CARLOS;354890603A;SP;Agua Vermelha;-47,897;-21,898;2019-07-12 09:20:00.0;0,00;
SÃO CARLOS;354890603A;SP;Agua Vermelha;-47,897;-21,898;2019-07-12 10:20:00.0;0,00;
SÃO CARLOS;354890603A;SP;Agua Vermelha;-47,897;-21,898;2019-07-12 11:20:00.0;0,00;
SÃO CARLOS;354890603A;SP;Agua Vermelha;-47,897;-21,898;2019-07-12 12:20:00.0;0,00;
SÃO CARLOS;354890603A;SP;Agua Vermelha;-47,897;-21,898;2019-07-12 13:20:00.0;0,00;
SÃO CARLOS;354890603A;SP;Agua Vermelha;-47,897;-21,898;2019-07-12 14:20:00.0;0,00;
SÃO CARLOS;354890603A;SP;Agua Vermelha;-47,897;-21,898;2019-07-12 15:20:00.0;0,00;
SÃO CARLOS;354890603A;SP;Agua Vermelha;-47,897;-21,898;2019-07-12 16:30:00.0;0,00;
SÃO CARLOS;354890603A;SP;Agua Vermelha;-47,897;-21,898;2019-07-12 17:20:00.0;0,00;
SÃO CARLOS;354890603A;SP;Agua Vermelha;-47,897;-21,898;2019-07-12 18:20:00.0;0,00;
SÃO CARLOS;354890603A;SP;Agua Vermelha;-47,897;-21,898;2019-07-12 19:20:00.0;0,00;
SÃO CARLOS;354890603A;SP;Agua Vermelha;-47,897;-21,898;2019-07-12 20:20:00.0;0,00;
SÃO CARLOS;354890603A;SP;Agua Vermelha;-47,897;-21,898;2019-07-12 21:20:00.0;0,00;
SÃO CARLOS;354890603A;SP;Agua Vermelha;-47,897;-21,898;2019-07-12 22:20:00.0;0,00;
SÃO CARLOS;354890603A;SP;Agua Vermelha;-47,897;-21,898;2019-07-12 23:20:00.0;0,00;
SÃO CARLOS;354890603A;SP;Agua Vermelha;-47,897;-21,898;2019-07-13 00:20:00.0;0,00;
SÃO CARLOS;354890603A;SP;Agua Vermelha;-47,897;-21,898;2019-07-13 01:20:00.0;0,00;
SÃO CARLOS;354890603A;SP;Agua Vermelha;-47,897;-21,898;2019-07-13 02:20:00.0;0,00;
SÃO CARLOS;354890603A;SP;Agua Vermelha;-47,897;-21,898;2019-07-13 03:20:00.0;0,00;
SÃO CARLOS;354890603A;SP;Agua Vermelha;-47,897;-21,898;2019-07-13 04:20:00.0;0,00;
SÃO CARLOS;354890603A;SP;Agua Vermelha;-47,897;-21,898;2019-07-13 05:20:00.0;0,00;
SÃO CARLOS;354890603A;SP;Agua Vermelha;-47,897;-21,898;2019-07-13 06:20:00.0;0,00;
SÃO CARLOS;354890603A;SP;Agua Vermelha;-47,897;-21,898;2019-07-13 07:20:00.0;0,00;
SÃO CARLOS;354890603A;SP;Agua Vermelha;-47,897;-21,898;2019-07-13 08:20:00.0;0,00;
SÃO CARLOS;354890603A;SP;Agua Vermelha;-47,897;-21,898;2019-07-13 09:20:00.0;0,00;
SÃO CARLOS;354890603A;SP;Agua Vermelha;-47,897;-21,898;2019-07-13 10:20:00.0;0,00;
SÃO CARLOS;354890603A;SP;Agua Vermelha;-47,897;-21,898;2019-07-13 11:20:00.0;0,00;
SÃO CARLOS;354890603A;SP;Agua Vermelha;-47,897;-21,898;2019-07-13 12:20:00.0;0,00;
SÃO CARLOS;354890603A;SP;Agua Vermelha;-47,897;-21,898;2019-07-13 13:20:00.0;0,00;
SÃO CARLOS;354890603A;SP;Agua Vermelha;-47,897;-21,898;2019-07-13 14:20:00.0;0,00;
SÃO CARLOS;354890603A;SP;Agua Vermelha;-47,897;-21,898;2019-07-13 15:20:00.0;0,00;
SÃO CARLOS;354890603A;SP;Agua Vermelha;-47,897;-21,898;2019-07-13 16:20:00.0;0,00;
SÃO CARLOS;354890603A;SP;Agua Vermelha;-47,897;-21,898;2019-07-13 17:20:00.0;0,00;
SÃO CARLOS;354890603A;SP;Agua Vermelha;-47,897;-21,898;2019-07-13 18:20:00.0;0,00;
SÃO CARLOS;354890603A;SP;Agua Vermelha;-47,897;-21,898;2019-07-13 19:20:00.0;0,00;
SÃO CARLOS;354890603A;SP;Agua Vermelha;-47,897;-21,898;2019-07-13 20:20:00.0;0,00;
SÃO CARLOS;354890603A;SP;Agua Vermelha;-47,897;-21,898;2019-07-13 21:20:00.0;0,00;
SÃO CARLOS;354890603A;SP;Agua Vermelha;-47,897;-21,898;2019-07-13 22:20:00.0;0,00;
SÃO CARLOS;354890603A;SP;Agua Vermelha;-47,897;-21,898;2019-07-13 23:20:00.0;0,00;
SÃO CARLOS;354890603A;SP;Agua Vermelha;-47,897;-21,898;2019-07-14 00:20:00.0;0,00;
SÃO CARLOS;354890603A;SP;Agua Vermelha;-47,897;-21,898;2019-07-14 01:20:00.0;0,00;
SÃO CARLOS;354890603A;SP;Agua Vermelha;-47,897;-21,898;2019-07-14 02:20:00.0;0,00;
SÃO CARLOS;354890603A;SP;Agua Vermelha;-47,897;-21,898;2019-07-14 03:20:00.0;0,00;
SÃO CARLOS;354890603A;SP;Agua Vermelha;-47,897;-21,898;2019-07-14 04:20:00.0;0,00;
SÃO CARLOS;354890603A;SP;Agua Vermelha;-47,897;-21,898;2019-07-14 05:20:00.0;0,00;
SÃO CARLOS;354890603A;SP;Agua Vermelha;-47,897;-21,898;2019-07-14 06:20:00.0;0,00;
SÃO CARLOS;354890603A;SP;Agua Vermelha;-47,897;-21,898;2019-07-14 07:20:00.0;0,00;
SÃO CARLOS;354890603A;SP;Agua Vermelha;-47,897;-21,898;2019-07-14 08:20:00.0;0,00;
SÃO CARLOS;354890603A;SP;Agua Vermelha;-47,897;-21,898;2019-07-14 09:20:00.0;0,00;
SÃO CARLOS;354890603A;SP;Agua Vermelha;-47,897;-21,898;2019-07-14 10:20:00.0;0,00;
SÃO CARLOS;354890603A;SP;Agua Vermelha;-47,897;-21,898;2019-07-14 11:20:00.0;0,00;
SÃO CARLOS;354890603A;SP;Agua Vermelha;-47,897;-21,898;2019-07-14 12:20:00.0;0,00;
SÃO CARLOS;354890603A;SP;Agua Vermelha;-47,897;-21,898;2019-07-14 13:20:00.0;0,00;
SÃO CARLOS;354890603A;SP;Agua Vermelha;-47,897;-21,898;2019-07-14 14:20:00.0;0,00;
SÃO CARLOS;354890603A;SP;Agua Vermelha;-47,897;-21,898;2019-07-14 15:20:00.0;0,00;
SÃO CARLOS;354890603A;SP;Agua Vermelha;-47,897;-21,898;2019-07-14 16:20:00.0;0,00;
SÃO CARLOS;354890603A;SP;Agua Vermelha;-47,897;-21,898;2019-07-14 17:20:00.0;0,00;
SÃO CARLOS;354890603A;SP;Agua Vermelha;-47,897;-21,898;2019-07-14 18:20:00.0;0,00;
SÃO CARLOS;354890603A;SP;Agua Vermelha;-47,897;-21,898;2019-07-14 19:20:00.0;0,00;
SÃO CARLOS;354890603A;SP;Agua Vermelha;-47,897;-21,898;2019-07-14 20:20:00.0;0,00;
SÃO CARLOS;354890603A;SP;Agua Vermelha;-47,897;-21,898;2019-07-14 21:20:00.0;0,00;
SÃO CARLOS;354890603A;SP;Agua Vermelha;-47,897;-21,898;2019-07-14 22:20:00.0;0,00;
SÃO CARLOS;354890603A;SP;Agua Vermelha;-47,897;-21,898;2019-07-14 23:20:00.0;0,00;
SÃO CARLOS;354890603A;SP;Agua Vermelha;-47,897;-21,898;2019-07-15 00:20:00.0;0,00;
SÃO CARLOS;354890603A;SP;Agua Vermelha;-47,897;-21,898;2019-07-15 01:20:00.0;0,00;
SÃO CARLOS;354890603A;SP;Agua Vermelha;-47,897;-21,898;2019-07-15 02:20:00.0;0,00;
SÃO CARLOS;354890603A;SP;Agua Vermelha;-47,897;-21,898;2019-07-15 03:20:00.0;0,00;
SÃO CARLOS;354890603A;SP;Agua Vermelha;-47,897;-21,898;2019-07-15 04:20:00.0;0,00;
SÃO CARLOS;354890603A;SP;Agua Vermelha;-47,897;-21,898;2019-07-15 05:20:00.0;0,00;
SÃO CARLOS;354890603A;SP;Agua Vermelha;-47,897;-21,898;2019-07-15 06:20:00.0;0,00;
SÃO CARLOS;354890603A;SP;Agua Vermelha;-47,897;-21,898;2019-07-15 07:20:00.0;0,00;
SÃO CARLOS;354890603A;SP;Agua Vermelha;-47,897;-21,898;2019-07-15 08:20:00.0;0,00;
SÃO CARLOS;354890603A;SP;Agua Vermelha;-47,897;-21,898;2019-07-15 09:20:00.0;0,00;
SÃO CARLOS;354890603A;SP;Agua Vermelha;-47,897;-21,898;2019-07-15 10:20:00.0;0,00;
SÃO CARLOS;354890603A;SP;Agua Vermelha;-47,897;-21,898;2019-07-15 11:20:00.0;0,00;
SÃO CARLOS;354890603A;SP;Agua Vermelha;-47,897;-21,898;2019-07-15 12:20:00.0;0,00;
SÃO CARLOS;354890603A;SP;Agua Vermelha;-47,897;-21,898;2019-07-15 13:20:00.0;0,00;
SÃO CARLOS;354890603A;SP;Agua Vermelha;-47,897;-21,898;2019-07-15 14:20:00.0;0,00;
SÃO CARLOS;354890603A;SP;Agua Vermelha;-47,897;-21,898;2019-07-15 15:20:00.0;0,00;
SÃO CARLOS;354890603A;SP;Agua Vermelha;-47,897;-21,898;2019-07-15 16:20:00.0;0,00;
SÃO CARLOS;354890603A;SP;Agua Vermelha;-47,897;-21,898;2019-07-15 17:20:00.0;0,00;
SÃO CARLOS;354890603A;SP;Agua Vermelha;-47,897;-21,898;2019-07-15 18:20:00.0;0,00;
SÃO CARLOS;354890603A;SP;Agua Vermelha;-47,897;-21,898;2019-07-16 03:50:00.0;1,40;
SÃO CARLOS;354890603A;SP;Agua Vermelha;-47,897;-21,898;2019-07-16 04:00:00.0;0,20;
SÃO CARLOS;354890603A;SP;Agua Vermelha;-47,897;-21,898;2019-07-16 04:30:00.0;0,20;
SÃO CARLOS;354890603A;SP;Agua Vermelha;-47,897;-21,898;2019-07-16 05:30:00.0;0,20;
SÃO CARLOS;354890603A;SP;Agua Vermelha;-47,897;-21,898;2019-07-16 06:10:00.0;0,20;
SÃO CARLOS;354890603A;SP;Agua Vermelha;-47,897;-21,898;2019-07-16 11:50:00.0;0,20;
SÃO CARLOS;354890603A;SP;Agua Vermelha;-47,897;-21,898;2019-07-26 13:10:00.0;0,00;
SÃO CARLOS;354890603A;SP;Agua Vermelha;-47,897;-21,898;2019-07-26 13:20:00.0;0,00;
SÃO CARLOS;354890603A;SP;Agua Vermelha;-47,897;-21,898;2019-07-26 14:20:00.0;0,00;
SÃO CARLOS;354890603A;SP;Agua Vermelha;-47,897;-21,898;2019-07-26 15:20:00.0;0,00;
SÃO CARLOS;354890603A;SP;Agua Vermelha;-47,897;-21,898;2019-07-26 16:20:00.0;0,00;
SÃO CARLOS;354890603A;SP;Agua Vermelha;-47,897;-21,898;2019-07-26 17:20:00.0;0,00;
SÃO CARLOS;354890603A;SP;Agua Vermelha;-47,897;-21,898;2019-07-26 18:20:00.0;0,00;
SÃO CARLOS;354890603A;SP;Agua Vermelha;-47,897;-21,898;2019-07-26 19:20:00.0;0,00;
SÃO CARLOS;354890603A;SP;Agua Vermelha;-47,897;-21,898;2019-07-26 20:20:00.0;0,00;
SÃO CARLOS;354890603A;SP;Agua Vermelha;-47,897;-21,898;2019-07-26 21:20:00.0;0,00;
SÃO CARLOS;354890603A;SP;Agua Vermelha;-47,897;-21,898;2019-07-26 22:20:00.0;0,00;
SÃO CARLOS;354890603A;SP;Agua Vermelha;-47,897;-21,898;2019-07-26 23:20:00.0;0,00;
SÃO CARLOS;354890603A;SP;Agua Vermelha;-47,897;-21,898;2019-07-27 00:20:00.0;0,00;
SÃO CARLOS;354890603A;SP;Agua Vermelha;-47,897;-21,898;2019-07-27 01:20:00.0;0,00;
SÃO CARLOS;354890603A;SP;Agua Vermelha;-47,897;-21,898;2019-07-27 02:20:00.0;0,00;
SÃO CARLOS;354890603A;SP;Agua Vermelha;-47,897;-21,898;2019-07-27 03:20:00.0;0,00;
SÃO CARLOS;354890603A;SP;Agua Vermelha;-47,897;-21,898;2019-07-27 04:20:00.0;0,00;
SÃO CARLOS;354890603A;SP;Agua Vermelha;-47,897;-21,898;2019-07-27 05:20:00.0;0,00;
SÃO CARLOS;354890603A;SP;Agua Vermelha;-47,897;-21,898;2019-07-27 06:20:00.0;0,00;
SÃO CARLOS;354890603A;SP;Agua Vermelha;-47,897;-21,898;2019-07-27 07:20:00.0;0,00;
SÃO CARLOS;354890603A;SP;Agua Vermelha;-47,897;-21,898;2019-07-27 08:20:00.0;0,00;
SÃO CARLOS;354890603A;SP;Agua Vermelha;-47,897;-21,898;2019-07-27 09:20:00.0;0,00;
SÃO CARLOS;354890603A;SP;Agua Vermelha;-47,897;-21,898;2019-07-27 10:20:00.0;0,00;
SÃO CARLOS;354890603A;SP;Agua Vermelha;-47,897;-21,898;2019-07-27 11:20:00.0;0,00;
SÃO CARLOS;354890603A;SP;Agua Vermelha;-47,897;-21,898;2019-07-27 12:20:00.0;0,00;
SÃO CARLOS;354890603A;SP;Agua Vermelha;-47,897;-21,898;2019-07-27 13:20:00.0;0,00;
SÃO CARLOS;354890603A;SP;Agua Vermelha;-47,897;-21,898;2019-07-27 14:20:00.0;0,00;
SÃO CARLOS;354890603A;SP;Agua Vermelha;-47,897;-21,898;2019-07-29 11:40:00.0;0,00;
SÃO CARLOS;354890603A;SP;Agua Vermelha;-47,897;-21,898;2019-07-29 12:20:00.0;0,00;
SÃO CARLOS;354890603A;SP;Agua Vermelha;-47,897;-21,898;2019-07-29 13:20:00.0;0,00;
SÃO CARLOS;354890603A;SP;Agua Vermelha;-47,897;-21,898;2019-07-29 14:20:00.0;0,00;
SÃO CARLOS;354890603A;SP;Agua Vermelha;-47,897;-21,898;2019-07-29 15:20:00.0;0,00;
SÃO CARLOS;354890603A;SP;Agua Vermelha;-47,897;-21,898;2019-07-29 16:20:00.0;0,00;
SÃO CARLOS;354890603A;SP;Agua Vermelha;-47,897;-21,898;2019-07-29 17:20:00.0;0,00;
SÃO CARLOS;354890603A;SP;Agua Vermelha;-47,897;-21,898;2019-07-29 18:20:00.0;0,00;
SÃO CARLOS;354890603A;SP;Agua Vermelha;-47,897;-21,898;2019-07-29 19:20:00.0;0,00;
SÃO CARLOS;354890603A;SP;Agua Vermelha;-47,897;-21,898;2019-07-29 20:20:00.0;0,00;
SÃO CARLOS;354890603A;SP;Agua Vermelha;-47,897;-21,898;2019-07-29 21:20:00.0;0,00;
SÃO CARLOS;354890603A;SP;Agua Vermelha;-47,897;-21,898;2019-07-29 22:20:00.0;0,00;
SÃO CARLOS;354890603A;SP;Agua Vermelha;-47,897;-21,898;2019-07-29 23:20:00.0;0,00;
SÃO CARLOS;354890603A;SP;Agua Vermelha;-47,897;-21,898;2019-07-30 00:20:00.0;0,00;
SÃO CARLOS;354890603A;SP;Agua Vermelha;-47,897;-21,898;2019-07-30 01:20:00.0;0,00;
SÃO CARLOS;354890603A;SP;Agua Vermelha;-47,897;-21,898;2019-07-30 02:20:00.0;0,00;
SÃO CARLOS;354890603A;SP;Agua Vermelha;-47,897;-21,898;2019-07-30 03:20:00.0;0,00;
SÃO CARLOS;354890603A;SP;Agua Vermelha;-47,897;-21,898;2019-07-30 04:20:00.0;0,00;
SÃO CARLOS;354890603A;SP;Agua Vermelha;-47,897;-21,898;2019-07-30 05:20:00.0;0,00;
SÃO CARLOS;354890603A;SP;Agua Vermelha;-47,897;-21,898;2019-07-30 06:20:00.0;0,00;
SÃO CARLOS;354890603A;SP;Agua Vermelha;-47,897;-21,898;2019-07-30 07:20:00.0;0,00;
SÃO CARLOS;354890603A;SP;Agua Vermelha;-47,897;-21,898;2019-07-30 08:20:00.0;0,00;
SÃO CARLOS;354890603A;SP;Agua Vermelha;-47,897;-21,898;2019-07-30 09:20:00.0;0,00;
SÃO CARLOS;354890603A;SP;Agua Vermelha;-47,897;-21,898;2019-07-30 10:20:00.0;0,00;
SÃO CARLOS;354890603A;SP;Agua Vermelha;-47,897;-21,898;2019-07-30 11:20:00.0;0,00;
SÃO CARLOS;354890603A;SP;Agua Vermelha;-47,897;-21,898;2019-07-30 12:20:00.0;0,00;
SÃO CARLOS;354890603A;SP;Agua Vermelha;-47,897;-21,898;2019-07-30 13:20:00.0;0,00;
SÃO CARLOS;354890603A;SP;Agua Vermelha;-47,897;-21,898;2019-07-30 14:20:00.0;0,00;
SÃO CARLOS;354890603A;SP;Agua Vermelha;-47,897;-21,898;2019-07-30 15:20:00.0;0,00;
SÃO CARLOS;354890603A;SP;Agua Vermelha;-47,897;-21,898;2019-07-30 16:20:00.0;0,00;
SÃO CARLOS;354890603A;SP;Agua Vermelha;-47,897;-21,898;2019-07-30 17:20:00.0;0,00;
SÃO CARLOS;354890603A;SP;Agua Vermelha;-47,897;-21,898;2019-07-30 18:20:00.0;0,00;
SÃO CARLOS;354890603A;SP;Agua Vermelha;-47,897;-21,898;2019-07-30 19:20:00.0;0,00;
SÃO CARLOS;354890603A;SP;Agua Vermelha;-47,897;-21,898;2019-07-30 20:20:00.0;0,00;
SÃO CARLOS;354890603A;SP;Agua Vermelha;-47,897;-21,898;2019-07-30 21:20:00.0;0,00;
SÃO CARLOS;354890603A;SP;Agua Vermelha;-47,897;-21,898;2019-07-30 22:20:00.0;0,00;
SÃO CARLOS;354890603A;SP;Agua Vermelha;-47,897;-21,898;2019-07-30 23:20:00.0;0,00;
SÃO CARLOS;354890603A;SP;Agua Vermelha;-47,897;-21,898;2019-07-31 00:20:00.0;0,00;
SÃO CARLOS;354890603A;SP;Agua Vermelha;-47,897;-21,898;2019-07-31 01:20:00.0;0,00;
SÃO CARLOS;354890603A;SP;Agua Vermelha;-47,897;-21,898;2019-07-31 02:20:00.0;0,00;
SÃO CARLOS;354890603A;SP;Agua Vermelha;-47,897;-21,898;2019-07-31 03:20:00.0;0,00;
SÃO CARLOS;354890603A;SP;Agua Vermelha;-47,897;-21,898;2019-07-31 04:20:00.0;0,00;
SÃO CARLOS;354890603A;SP;Agua Vermelha;-47,897;-21,898;2019-07-31 05:20:00.0;0,00;
SÃO CARLOS;354890603A;SP;Agua Vermelha;-47,897;-21,898;2019-07-31 06:20:00.0;0,00;
SÃO CARLOS;354890603A;SP;Agua Vermelha;-47,897;-21,898;2019-07-31 07:20:00.0;0,00;
SÃO CARLOS;354890603A;SP;Agua Vermelha;-47,897;-21,898;2019-07-31 08:20:00.0;0,00;
SÃO CARLOS;354890603A;SP;Agua Vermelha;-47,897;-21,898;2019-07-31 09:20:00.0;0,00;
SÃO CARLOS;354890603A;SP;Agua Vermelha;-47,897;-21,898;2019-07-31 10:20:00.0;0,00;
SÃO CARLOS;354890603A;SP;Agua Vermelha;-47,897;-21,898;2019-07-31 11:20:00.0;0,00;
SÃO CARLOS;354890603A;SP;Agua Vermelha;-47,897;-21,898;2019-07-31 12:20:00.0;0,00;
SÃO CARLOS;354890603A;SP;Agua Vermelha;-47,897;-21,898;2019-07-31 13:20:00.0;0,00;
SÃO CARLOS;354890603A;SP;Agua Vermelha;-47,897;-21,898;2019-07-31 14:20:00.0;0,00;
SÃO CARLOS;354890603A;SP;Agua Vermelha;-47,897;-21,898;2019-07-31 15:20:00.0;0,00;
SÃO CARLOS;354890603A;SP;Agua Vermelha;-47,897;-21,898;2019-07-31 16:20:00.0;0,00;
SÃO CARLOS;354890603A;SP;Agua Vermelha;-47,897;-21,898;2019-07-31 17:20:00.0;0,00;
SÃO CARLOS;354890603A;SP;Agua Vermelha;-47,897;-21,898;2019-07-31 18:20:00.0;0,00;
SÃO CARLOS;354890603A;SP;Agua Vermelha;-47,897;-21,898;2019-07-31 19:20:00.0;0,00;
SÃO CARLOS;354890603A;SP;Agua Vermelha;-47,897;-21,898;2019-07-31 20:20:00.0;0,00;
SÃO CARLOS;354890603A;SP;Agua Vermelha;-47,897;-21,898;2019-07-31 21:20:00.0;0,00;
SÃO CARLOS;354890603A;SP;Agua Vermelha;-47,897;-21,898;2019-07-31 22:20:00.0;0,00;
SÃO CARLOS;354890603A;SP;Agua Vermelha;-47,897;-21,898;2019-07-31 23:20:00.0;0,00;
